VM;Powerstate;Template;CPUs;NICs
0_11042023_CR20538778_SEESMTSAPAUP373;poweredOff;False;2;1
0_BAJA_04012024_CR20707755_SEESMTSDBAUT003;poweredOff;False;8;1
0_BAJA_04012024_CR20707755_SEESMTSSAAUT006;poweredOff;False;16;1
0_BAJA_04012024_CR20707755_SEESMTSSAAUT008;poweredOff;False;12;1
0_BAJA_04012024_CR20707755_SEESMTSSAAUT009;poweredOff;False;2;1
0_BAJA_07082023_CR20613015_ESEATMASV00350;poweredOn;False;6;1
0_BAJA_08052023_OPERACIONES_CR20553920_ESEATMAUV00166;poweredOff;False;12;1
0_BAJA_08112023_CR20683657_SEESMTSWEAWP017;poweredOff;False;8;1
0_BAJA_08112023_CR20683657_SEESMTSWEAWP018;poweredOff;False;8;1
0_BAJA_08112023_CR20683718_SEESMTSSAAWC026;poweredOff;False;4;1
0_BAJA_08112023_CR20683718_SEESMTSWEAWP016;poweredOff;False;4;1
0_BAJA_15112023_OPERACIONES_CR20689516_SEESMTSSAAWP094;poweredOff;False;4;1
0_BAJA_23102023_CR20656967_mandml1srv06;poweredOff;False;2;1
0_BAJA_25102023_OPERACIONES_CR20675188_ESEATMASV00027;poweredOff;False;4;1
0_BAJA_25112023_CR20697304_WINTEL_ESEATMASV00254;poweredOff;False;2;1
0_BAJA_SEESMTSSGAOP218-V7;poweredOff;False;8;2
0_CLON_02012024_UNIX_CR20707022_ESEATMASV00091;poweredOff;False;2;1
0_CLON_02012024_UNIX_CR20707022_ESEATMASV00091_new;poweredOff;False;2;1
0_CLON_02012024_WINTEL_CR20707022_ESEATMASV01261;poweredOff;False;2;1
0_CLON_18112023_CR20684721_ESEATMASV01110;poweredOff;False;4;1
0_CLON_18112023_CR20684721_ESEATMASV01115;poweredOff;False;2;1
0_CLON_25092023_SEESMTSDBAUC009_PREISOLATED_SAT;poweredOff;False;2;1
0_CLON_25092023_SEESMTSSAAUC015_PREISOLATED_SAT;poweredOff;False;4;1
0_clon_old_IR18791636_mtsdevsrv01;poweredOff;False;2;1
0_CLON_SEESMTSWEBWP697;poweredOff;False;4;1
0_ESEATMAPOC00006_restore;poweredOn;False;2;1
0_ESEATMASV00091_old;poweredOff;False;2;1
0_eseatmasv00224_new_DAVID_MUNOZ;poweredOn;False;2;1
0_PRUEBA_TEMPLATE_WINTEL_DCA;poweredOff;True;4;1
0_SALVA_clon_analisis_segu_19012024_afectado_seguridad_Ivanti_SEESMTSCOAWP719;poweredOff;False;12;1
0_SEESMTSAPAWP629_IR15252632_NO_ARRANCAR;poweredOff;False;4;1
0_seesmtsdbaup404_clon_03032023;poweredOff;False;2;1
0_SEESMTSSAAWP055_restored;poweredOff;False;2;1
0_SEESMTSSAAWP669_OLD;poweredOff;False;4;1
0_SEESMTSSAAWP787_sift;poweredOn;False;4;1
0_SEESMTSWFAWP001_old_06112023;poweredOn;False;4;1
0_TEMPLATE_RH89_SEESMTSWVAUT026;poweredOff;False;2;2
0_TEMPLATE_SEESMTSDCAWPXXX;poweredOff;True;4;1
0_Template_veeam_proxy_HCI_CROS_STR;poweredOff;True;4;1
0_Template_veeam_proxy_HCI_DCAB;poweredOff;True;4;1
0_Template_veeam_proxy_HCI_LEGACY;poweredOff;True;4;1
0_Template_veeam_proxy_HCI_WINTEL_CPDA;poweredOff;True;4;1
0_Template_veeam_proxy_HCI_WINTEL_CPDB;poweredOff;True;4;1
0_Template_veeam_proxy_HCI_WINTEL_STR;poweredOff;True;4;1
0_TEMPLATE_W2016_v5;poweredOff;True;4;1
0_TEMPLATE_W2019_v5_Datacenter2;poweredOff;True;4;1
0_TEMPLATE_W2022_DATACENTER_v1;poweredOff;True;4;1
0_UNIX_CR20619404_CORRUPTA_SEESMTSSAAUP304;poweredOff;False;6;2
AA_TEMPLATE_RH79_20240118;poweredOff;True;2;1
AA_TEMPLATE_RH79_maquetaV1;poweredOff;True;2;1
AA_TEMPLATE_RH88_20230929;poweredOff;False;2;2
AA_TEMPLATE_RH88_20240118;poweredOff;True;2;2
AA_TEMPLATE_RH89_maquetaV1;poweredOff;True;2;2
AA_TEMPLATE_RH90_maquetaV0;poweredOff;True;2;1
AA_TEMPLATE_RH92_20230929;poweredOff;True;2;1
AA_TEMPLATE_RH92_20240118;poweredOff;True;2;1
AA_TEMPLATE_RH93_maquetaV1;poweredOff;True;2;1
ATBSGSSRV01;poweredOn;False;4;1
EGBXBASV11004;poweredOn;False;2;1
ESEATMAPOC00005;poweredOn;False;4;1
ESEATMAPOC00006;poweredOn;False;2;1
ESEATMASV00015;poweredOn;False;4;1
ESEATMASV00023;poweredOn;False;4;1
ESEATMASV00050;poweredOn;False;4;1
ESEATMASV00051;poweredOn;False;18;1
ESEATMASV00053;poweredOn;False;4;1
ESEATMASV00054;poweredOn;False;4;1
ESEATMASV00065;poweredOn;False;2;1
ESEATMASV00066;poweredOn;False;2;1
eseatmasv00069;poweredOn;False;2;1
eseatmasv00070;poweredOn;False;2;1
ESEATMASV00074;poweredOn;False;2;1
ESEATMASV00091;poweredOn;False;2;1
ESEATMASV00113;poweredOn;False;4;2
ESEATMASV00123;poweredOn;False;4;1
ESEATMASV00133;poweredOn;False;4;1
ESEATMASV00136;poweredOn;False;2;1
ESEATMASV00138;poweredOn;False;4;1
ESEATMASV00141;poweredOn;False;8;1
eseatmasv00188;poweredOn;False;2;1
eseatmasv00197;poweredOn;False;2;1
ESEATMASV00207;poweredOn;False;4;1
ESEATMASV00208;poweredOn;False;4;1
eseatmasv00219;poweredOn;False;1;1
eseatmasv00220;poweredOn;False;1;1
eseatmasv00221;poweredOn;False;4;1
eseatmasv00222;poweredOn;False;2;1
eseatmasv00223;poweredOn;False;8;1
eseatmasv00224;poweredOn;False;8;1
ESEATMASV00227;poweredOn;False;2;1
ESEATMASV00229;poweredOn;False;4;1
ESEATMASV00253;poweredOn;False;2;1
ESEATMASV00254;poweredOn;False;2;1
ESEATMASV00275;poweredOn;False;4;1
ESEATMASV00276;poweredOn;False;2;1
eseatmasv00318;poweredOn;False;1;1
ESEATMASV00335;poweredOn;False;2;1
ESEATMASV00344;poweredOn;False;2;1
ESEATMASV00381;poweredOn;False;4;1
eseatmasv00389;poweredOn;False;2;1
ESEATMASV00392;poweredOn;False;3;1
ESEATMASV00393;poweredOn;False;4;1
ESEATMASV00405;poweredOn;False;2;1
ESEATMASV00407;poweredOn;False;2;1
ESEATMASV00415;poweredOn;False;1;1
ESEATMASV00427;poweredOn;False;2;1
ESEATMASV00440;poweredOn;False;4;1
ESEATMASV00480;poweredOn;False;2;1
ESEATMASV00504;poweredOn;False;4;1
ESEATMASV00507;poweredOn;False;4;1
ESEATMASV00514;poweredOn;False;4;1
ESEATMASV00515;poweredOn;False;2;1
ESEATMASV00518;poweredOn;False;2;1
ESEATMASV00519;poweredOn;False;2;1
ESEATMASV00520;poweredOn;False;2;1
ESEATMASV00521;poweredOn;False;2;1
ESEATMASV00523;poweredOn;False;2;1
ESEATMASV00533;poweredOn;False;2;1
ESEATMASV00534;poweredOn;False;4;1
ESEATMASV00546;poweredOn;False;2;1
ESEATMASV00553;poweredOn;False;6;1
ESEATMASV00562;poweredOn;False;4;1
ESEATMASV00565;poweredOn;False;4;1
ESEATMASV00566;poweredOn;False;4;1
ESEATMASV00567;poweredOn;False;4;1
ESEATMASV00568;poweredOn;False;4;1
ESEATMASV00569;poweredOn;False;6;1
ESEATMASV00570;poweredOn;False;6;1
ESEATMASV00571;poweredOn;False;4;2
ESEATMASV00572;poweredOn;False;4;1
ESEATMASV00573;poweredOn;False;4;1
ESEATMASV00580;poweredOn;False;2;1
ESEATMASV00581;poweredOn;False;2;1
ESEATMASV01110;poweredOn;False;4;1
ESEATMASV01115;poweredOn;False;4;1
ESEATMASV01117;poweredOn;False;6;1
ESEATMASV01123;poweredOn;False;4;1
eseatmasv01129;poweredOn;False;1;1
ESEATMASV01133;poweredOn;False;4;1
ESEATMASV01137;poweredOn;False;2;1
ESEATMASV01139;poweredOn;False;4;1
eseatmasv01194;poweredOn;False;2;1
eseatmasv01197;poweredOn;False;2;1
ESEATMASV01200;poweredOn;False;4;1
eseatmasv01211;poweredOn;False;2;1
eseatmasv01212;poweredOn;False;2;1
ESEATMASV01261;poweredOn;False;2;1
eseatmasv01264;poweredOn;False;4;1
ESEATMASV01299;poweredOn;False;2;1
ESEATMASV01315;poweredOn;False;4;1
ESEATMASV01316;poweredOn;False;2;1
ESEATMASV01317;poweredOn;False;4;1
ESEATMASV01318;poweredOn;False;4;1
ESEATMASV01319;poweredOn;False;6;1
ESEATMASV01320;poweredOn;False;4;1
ESEATMASV01321;poweredOn;False;2;1
ESEATMAUV00006;poweredOn;False;16;1
ESEATMAUV00015;poweredOn;False;4;1
ESEATMAUV00022;poweredOn;False;2;1
ESEATMAUV00023;poweredOn;False;4;1
ESEATMAUV00025;poweredOn;False;2;2
ESEATMAUV00027;poweredOn;False;2;2
ESEATMAUV00028;poweredOn;False;2;1
ESEATMAUV00043;poweredOn;False;4;2
ESEATMAUV00044;poweredOn;False;4;2
ESEATMAUV00045;poweredOn;False;4;2
ESEATMAUV00046;poweredOn;False;2;2
ESEATMAUV00047;poweredOn;False;2;1
ESEATMAUV00049;poweredOn;False;2;1
ESEATMAUV00050;poweredOn;False;2;1
ESEATMAUV00052;poweredOn;False;4;1
ESEATMAUV00053;poweredOn;False;4;1
ESEATMAUV00074;poweredOn;False;4;2
ESEATMAUV00075;poweredOn;False;4;2
ESEATMAUV00076;poweredOn;False;4;2
ESEATMAUV00077;poweredOn;False;4;2
ESEATMAUV00083;poweredOn;False;2;1
ESEATMAUV00084;poweredOn;False;2;1
ESEATMAUV00085;poweredOn;False;4;1
ESEATMAUV00086;poweredOn;False;2;1
ESEATMAUV00089;poweredOn;False;2;2
eseatmauv00094;poweredOn;False;8;1
ESEATMAUV00114;poweredOn;False;2;1
ESEATMAUV00115;poweredOn;False;2;1
ESEATMAUV00117;poweredOn;False;8;1
ESEATMAUV00118;poweredOn;False;8;1
ESEATMAUV00151;poweredOn;False;4;1
ESEATMAUV00152;poweredOn;False;4;1
ESEATMAUV00200;poweredOn;False;8;3
ESEATMAUV00201;poweredOn;False;8;3
ESEATMAUV00202;poweredOn;False;4;4
ESEATMAUV00203;poweredOn;False;4;4
ESEATMAUV00206;poweredOn;False;8;2
ESEATMAUV00207;poweredOn;False;8;2
ESEATMAUVC00026;poweredOn;False;8;1
ESSEATMAS35666;poweredOn;False;2;1
ESSEATMAS35697;poweredOn;False;2;1
esseatmas428170;poweredOn;False;2;1
esseatmas43489;poweredOn;False;1;1
ESSEATMAS507049;poweredOn;False;2;1
ESSEATMAS507059;poweredOn;False;4;1
ESSEATMAS507062;poweredOn;False;6;1
esseatmas507079;poweredOn;False;4;1
esseatmas507080;poweredOn;False;4;1
ESSEATMAS507092;poweredOn;False;4;1
esseatmas92591;poweredOn;False;2;2
esseatmasv00198;poweredOn;False;1;1
hci-fio-datastore-1175711-0-1;poweredOn;False;4;1
hci-fio-datastore-1175711-0-10;poweredOn;False;4;1
hci-fio-datastore-1175711-0-11;poweredOn;False;4;1
hci-fio-datastore-1175711-0-12;poweredOn;False;4;1
hci-fio-datastore-1175711-0-13;poweredOn;False;4;1
hci-fio-datastore-1175711-0-14;poweredOn;False;4;1
hci-fio-datastore-1175711-0-15;poweredOn;False;4;1
hci-fio-datastore-1175711-0-16;poweredOn;False;4;1
hci-fio-datastore-1175711-0-17;poweredOn;False;4;1
hci-fio-datastore-1175711-0-18;poweredOn;False;4;1
hci-fio-datastore-1175711-0-19;poweredOn;False;4;1
hci-fio-datastore-1175711-0-2;poweredOn;False;4;1
hci-fio-datastore-1175711-0-20;poweredOn;False;4;1
hci-fio-datastore-1175711-0-21;poweredOn;False;4;1
hci-fio-datastore-1175711-0-22;poweredOn;False;4;1
hci-fio-datastore-1175711-0-23;poweredOn;False;4;1
hci-fio-datastore-1175711-0-24;poweredOn;False;4;1
hci-fio-datastore-1175711-0-25;poweredOn;False;4;1
hci-fio-datastore-1175711-0-26;poweredOn;False;4;1
hci-fio-datastore-1175711-0-27;poweredOn;False;4;1
hci-fio-datastore-1175711-0-28;poweredOn;False;4;1
hci-fio-datastore-1175711-0-29;poweredOn;False;4;1
hci-fio-datastore-1175711-0-3;poweredOn;False;4;1
hci-fio-datastore-1175711-0-30;poweredOn;False;4;1
hci-fio-datastore-1175711-0-31;poweredOn;False;4;1
hci-fio-datastore-1175711-0-32;poweredOn;False;4;1
hci-fio-datastore-1175711-0-33;poweredOn;False;4;1
hci-fio-datastore-1175711-0-34;poweredOn;False;4;1
hci-fio-datastore-1175711-0-35;poweredOn;False;4;1
hci-fio-datastore-1175711-0-36;poweredOn;False;4;1
hci-fio-datastore-1175711-0-37;poweredOn;False;4;1
hci-fio-datastore-1175711-0-38;poweredOn;False;4;1
hci-fio-datastore-1175711-0-39;poweredOn;False;4;1
hci-fio-datastore-1175711-0-4;poweredOn;False;4;1
hci-fio-datastore-1175711-0-40;poweredOn;False;4;1
hci-fio-datastore-1175711-0-5;poweredOn;False;4;1
hci-fio-datastore-1175711-0-6;poweredOn;False;4;1
hci-fio-datastore-1175711-0-7;poweredOn;False;4;1
hci-fio-datastore-1175711-0-8;poweredOn;False;4;1
hci-fio-datastore-1175711-0-9;poweredOn;False;4;1
linux-ansible-010;poweredOn;False;2;1
macsrv01;poweredOn;False;4;1
MANDML1SRV01;poweredOn;False;2;1
mandml1srv02;poweredOn;False;2;1
mandml1srv03;poweredOn;False;2;1
mandml1srv04;poweredOn;False;2;1
mandml1srv05;poweredOn;False;2;1
mandml2srv01;poweredOn;False;4;1
mandml2srv02;poweredOn;False;4;1
mandml2srv03;poweredOn;False;4;1
mandml2srv04;poweredOn;False;4;1
MANDML2SRV05;poweredOn;False;4;1
MANDML3V8SRV01;poweredOn;False;4;1
messrv03;poweredOn;False;1;1
messrv04;poweredOn;False;4;1
MFAB16SRV01;poweredOn;False;4;1
MFAB16SRV02;poweredOn;False;4;1
MFAB16SRV03;poweredOn;False;4;1
MFAB16SRV04;poweredOn;False;4;1
MFAB16SRV05;poweredOn;False;4;1
MFAB16SRV06;poweredOn;False;4;1
MFAB16SRV07;poweredOn;False;4;1
MFAB16SRV08;poweredOn;False;4;1
mfersrv01;poweredOn;False;8;1
mfsjmpsrv01;poweredOn;False;4;1
mgadsrv01;poweredOn;False;4;1
mgbxktsrv01;poweredOn;False;4;1
mkmssrv01;poweredOn;False;4;1
mp2lfpymsrv01;poweredOn;False;4;1
mp2lfpymsrv02;poweredOn;False;2;1
MRTBDCA01NXA;poweredOn;False;12;2
MRTBDCA03SGC;poweredOn;False;16;6
MRTBDCB03SGC;poweredOn;False;16;6
MSCCMSRV01;poweredOn;False;4;1
MSCCMSRV02;poweredOn;False;8;1
msgacrosrv03;poweredOn;False;4;1
msgp2lsrv01;poweredOn;False;4;1
msgp2lsrv02;poweredOn;False;4;2
mtsdevsrv01;poweredOn;False;2;1
mtspsrv01tmp;poweredOn;False;4;1
NO APAGAR 0_BAJA_15112023_OPERACIONES_CR20689219_ESSEATMAS46701;poweredOn;False;2;1
reporter105-internet;poweredOn;False;8;1
SEESMTSAPAOP211;poweredOn;False;2;1
SEESMTSAPAOP212;poweredOn;False;2;1
SEESMTSAPAOP213;poweredOn;False;2;1
SEESMTSAPAOP214;poweredOn;False;2;1
SEESMTSAPAUC001;poweredOn;False;1;1
SEESMTSAPAUC002;poweredOn;False;1;1
SEESMTSAPAUP001;poweredOn;False;2;1
SEESMTSAPAUP002;poweredOn;False;2;1
SEESMTSAPAUP249;poweredOn;False;2;2
SEESMTSAPAUP250;poweredOn;False;4;1
SEESMTSAPAUP251;poweredOn;False;4;2
SEESMTSAPAUP266;poweredOn;False;14;1
SEESMTSAPAUP267;poweredOn;False;14;1
SEESMTSAPAUP280;poweredOn;False;2;1
SEESMTSAPAUP283;poweredOn;False;4;1
SEESMTSAPAUP311;poweredOn;False;2;1
SEESMTSAPAUP321;poweredOn;False;2;1
SEESMTSAPAUP341;poweredOn;False;2;1
SEESMTSAPAUP342;poweredOn;False;2;1
SEESMTSAPAUP343;poweredOn;False;2;1
SEESMTSAPAUP344;poweredOn;False;4;1
SEESMTSAPAUP345;poweredOn;False;4;1
SEESMTSAPAUP372;poweredOn;False;4;1
SEESMTSAPAUZ023;poweredOn;False;16;1
SEESMTSAPAWC001;poweredOn;False;4;1
SEESMTSAPAWC002;poweredOn;False;4;1
SEESMTSAPAWC003;poweredOn;False;4;1
SEESMTSAPAWC518;poweredOn;False;4;2
SEESMTSAPAWC519;poweredOn;False;4;2
SEESMTSAPAWC520;poweredOn;False;4;2
SEESMTSAPAWC521;poweredOn;False;2;2
SEESMTSAPAWP001;poweredOn;False;2;1
SEESMTSAPAWP004;poweredOff;False;8;1
SEESMTSAPAWP005;poweredOff;False;2;1
SEESMTSAPAWP006;poweredOn;False;4;1
SEESMTSAPAWP007;poweredOn;False;4;1
SEESMTSAPAWP008;poweredOff;False;4;1
SEESMTSAPAWP009;poweredOff;False;4;1
SEESMTSAPAWP010;poweredOn;False;4;1
SEESMTSAPAWP011;poweredOn;False;4;1
SEESMTSAPAWP417;poweredOn;False;8;1
SEESMTSAPAWP418;poweredOn;False;2;1
SEESMTSAPAWP419;poweredOn;False;2;2
SEESMTSAPAWP420;poweredOn;False;8;1
SEESMTSAPAWP421;poweredOn;False;8;1
SEESMTSAPAWP423;poweredOn;False;16;1
SEESMTSAPAWP424;poweredOn;False;16;1
SEESMTSAPAWP426;poweredOn;False;4;1
SEESMTSAPAWP427;poweredOn;False;4;1
SEESMTSAPAWP428;poweredOn;False;4;1
SEESMTSAPAWP429;poweredOn;False;4;1
SEESMTSAPAWP430;poweredOn;False;4;1
SEESMTSAPAWP431;poweredOn;False;2;1
SEESMTSAPAWP432;poweredOn;False;2;1
SEESMTSAPAWP433;poweredOn;False;2;1
SEESMTSAPAWP434;poweredOn;False;2;1
SEESMTSAPAWP442;poweredOn;False;2;1
SEESMTSAPAWP443;poweredOn;False;2;1
SEESMTSAPAWP444;poweredOn;False;2;1
SEESMTSAPAWP445;poweredOn;False;4;1
SEESMTSAPAWP446;poweredOn;False;2;1
SEESMTSAPAWP447;poweredOn;False;2;1
SEESMTSAPAWP448;poweredOn;False;4;1
SEESMTSAPAWP449;poweredOn;False;2;1
SEESMTSAPAWP451;poweredOn;False;2;1
SEESMTSAPAWP452;poweredOn;False;4;1
SEESMTSAPAWP464;poweredOn;False;4;1
SEESMTSAPAWP465;poweredOn;False;4;1
SEESMTSAPAWP466;poweredOn;False;4;1
SEESMTSAPAWP467;poweredOn;False;4;1
SEESMTSAPAWP473;poweredOn;False;8;1
SEESMTSAPAWP474;poweredOn;False;16;1
SEESMTSAPAWP475;poweredOn;False;2;1
SEESMTSAPAWP477;poweredOn;False;8;1
SEESMTSAPAWP528;poweredOn;False;2;1
SEESMTSAPAWP616;poweredOn;False;6;1
SEESMTSAPAWP618;poweredOn;False;2;1
SEESMTSAPAWP619;poweredOn;False;4;1
SEESMTSAPAWP620;poweredOn;False;4;1
SEESMTSAPAWP621;poweredOn;False;4;1
SEESMTSAPAWP623;poweredOn;False;2;1
SEESMTSAPAWP624;poweredOn;False;2;1
SEESMTSAPAWP627;poweredOn;False;2;1
SEESMTSAPAWP629;poweredOn;False;4;1
SEESMTSAPAWP632;poweredOn;False;2;1
SEESMTSAPAWP638;poweredOn;False;4;1
SEESMTSAPAWP671;poweredOn;False;8;1
SEESMTSAPAWP672;poweredOn;False;8;1
SEESMTSAPAWP674;poweredOn;False;2;1
SEESMTSAPAWP680;poweredOn;False;4;1
SEESMTSAPAWP713;poweredOn;False;8;1
SEESMTSAPAWP714;poweredOn;False;8;1
SEESMTSAPAWP715;poweredOn;False;8;1
SEESMTSAPAWP721;poweredOn;False;4;1
SEESMTSAPAWP722;poweredOn;False;2;1
SEESMTSAPAWP729;poweredOn;False;8;1
SEESMTSAPAWP731;poweredOn;False;8;1
SEESMTSAPAWP734;poweredOn;False;16;1
SEESMTSAPAWP735;poweredOn;False;8;1
SEESMTSAPAWP736;poweredOn;False;8;1
SEESMTSAPAWP738;poweredOn;False;8;1
SEESMTSAPAWP739;poweredOn;False;16;1
SEESMTSAPAWP740;poweredOn;False;2;1
SEESMTSAPAWP755;poweredOn;False;2;1
SEESMTSAPAWP756;poweredOn;False;2;1
SEESMTSAPAWP757;poweredOn;False;4;1
SEESMTSAPAWP758;poweredOn;False;2;1
SEESMTSAPAWP759;poweredOn;False;4;1
SEESMTSAPAWP760;poweredOn;False;4;1
SEESMTSAPAWP761;poweredOn;False;2;1
SEESMTSAPAWP762;poweredOn;False;4;1
SEESMTSAPAWP764;poweredOn;False;2;1
SEESMTSAPAWP765;poweredOn;False;4;1
SEESMTSAPAWP766;poweredOn;False;4;1
SEESMTSAPAWP767;poweredOn;False;2;1
SEESMTSAPAWP768;poweredOn;False;2;1
SEESMTSAPAWP769;poweredOn;False;3;1
SEESMTSAPAWP775;poweredOn;False;8;1
SEESMTSAPAWP779;poweredOn;False;4;1
SEESMTSAPAWP800;poweredOn;False;4;1
SEESMTSAPAWP801;poweredOn;False;4;1
SEESMTSAPAWP802;poweredOn;False;4;1
SEESMTSAPAWP805;poweredOn;False;4;1
SEESMTSAPAWP811;poweredOn;False;4;1
SEESMTSAPAWP812;poweredOn;False;4;1
SEESMTSAPAWP814;poweredOn;False;2;1
SEESMTSAPAWP833;poweredOn;False;4;1
SEESMTSAPAWP834;poweredOn;False;4;1
SEESMTSAPAWP835;poweredOn;False;2;1
SEESMTSAPAWP836;poweredOn;False;2;1
SEESMTSAPAWP837;poweredOn;False;2;1
SEESMTSAPAWP847;poweredOn;False;2;1
SEESMTSAPAWP851;poweredOn;False;16;1
SEESMTSAPAWP852;poweredOn;False;6;2
SEESMTSAPAWP853;poweredOn;False;6;2
SEESMTSAPAWP854;poweredOn;False;2;2
SEESMTSAPAWP855;poweredOn;False;2;2
SEESMTSAPAWP856;poweredOn;False;2;2
SEESMTSAPAWP862;poweredOn;False;4;1
SEESMTSAPAWP869;poweredOn;False;4;1
SEESMTSCMAUC001;poweredOn;False;2;1
SEESMTSCMAWP001;poweredOn;False;2;1
SEESMTSCOAUP001;poweredOn;False;2;1
SEESMTSCOAWP002;poweredOn;False;4;1
SEESMTSCOAWP004;poweredOn;False;2;1
SEESMTSCOAWP007;poweredOn;False;2;1
SEESMTSCOAWP012;poweredOn;False;4;1
SEESMTSCOAWP013;poweredOn;False;4;1
SEESMTSCOAWP015;poweredOn;False;4;1
SEESMTSCOAWP016;poweredOn;False;4;1
SEESMTSCOAWP017;poweredOn;False;4;1
SEESMTSCOAWP658;poweredOn;False;4;1
SEESMTSCOAWP797;poweredOn;False;4;1
SEESMTSDBAUC008;poweredOn;False;4;2
SEESMTSDBAUC009;poweredOn;False;2;1
SEESMTSDBAUP001;poweredOn;False;8;1
SEESMTSDBAUP002;poweredOn;False;8;1
SEESMTSDBAUP003;poweredOn;False;8;1
SEESMTSDBAUP006;poweredOff;False;4;1
SEESMTSDBAUP006_restore_22102023_OLMOS;poweredOn;False;4;1
SEESMTSDBAUP008;poweredOn;False;8;1
SEESMTSDBAUP010;poweredOn;False;4;2
SEESMTSDBAUP012;poweredOn;False;8;1
SEESMTSDBAUP013;poweredOn;False;4;1
SEESMTSDBAUP334;poweredOn;False;4;2
SEESMTSDBAUP335;poweredOn;False;4;2
SEESMTSDBAUP336;poweredOn;False;4;2
SEESMTSDBAUP337;poweredOn;False;4;1
SEESMTSDBAUP338;poweredOn;False;4;2
SEESMTSDBAUP346;poweredOn;False;4;2
SEESMTSDBAUP404;poweredOn;False;2;1
SEESMTSDBAUT002;poweredOn;False;4;2
SEESMTSDBAUZ066;poweredOn;False;2;1
SEESMTSDBAWC015;poweredOn;False;4;1
SEESMTSDBAWC016;poweredOn;False;4;1
SEESMTSDBAWC018;poweredOn;False;4;1
SEESMTSDBAWC019;poweredOn;False;4;1
SEESMTSDBAWC020;poweredOn;False;4;1
SEESMTSDBAWC021;poweredOn;False;4;1
SEESMTSDBAWC022;poweredOn;False;4;1
SEESMTSDBAWP022;poweredOn;False;4;1
SEESMTSDBAWP023;poweredOn;False;4;1
SEESMTSDBAWP024;poweredOn;False;8;1
SEESMTSDBAWP025;poweredOn;False;4;1
SEESMTSDBAWP026;poweredOn;False;12;1
SEESMTSDBAWP027;poweredOn;False;12;1
SEESMTSDBAWP028;poweredOn;False;4;1
SEESMTSDBAWP029;poweredOn;False;8;1
SEESMTSDBAWP030;poweredOn;False;8;1
SEESMTSDBAWP031;poweredOn;False;8;1
SEESMTSDBAWP463;poweredOn;False;4;1
SEESMTSDBAWP796;poweredOn;False;2;1
SEESMTSDBAWP816;poweredOn;False;2;1
SEESMTSDBAWZ002;poweredOn;False;4;1
SEESMTSDCAWP001;poweredOn;False;2;1
SEESMTSDCAWP002;poweredOn;False;2;1
SEESMTSDCAWP003;poweredOn;False;2;1
SEESMTSDCAWP004;poweredOn;False;2;1
SEESMTSDCAWP005;poweredOn;False;2;1
SEESMTSDCAWP006;poweredOn;False;2;1
SEESMTSDCAWP009;poweredOn;False;4;1
SEESMTSDCAWP010;poweredOn;False;4;1
SEESMTSDCAWP401;poweredOn;False;8;1
SEESMTSDCAWP402;poweredOn;False;8;1
SEESMTSDCAWP403;poweredOn;False;8;1
SEESMTSDCAWP404;poweredOn;False;8;1
SEESMTSDCAWP405;poweredOn;False;4;1
SEESMTSDCAWT001;poweredOn;False;4;1
SEESMTSESAOC001;poweredOn;False;4;1
SEESMTSEXAWP829;poweredOn;False;8;1
SEESMTSEXAWP830;poweredOn;False;8;1
SEESMTSEXAWP831;poweredOn;False;8;1
SEESMTSEXAWP832;poweredOn;False;8;1
SEESMTSFTAWC004;poweredOn;False;4;1
SEESMTSFTAWP004;poweredOn;False;4;1
SEESMTSSAAOP208;poweredOn;False;2;1
SEESMTSSAAUC004;poweredOn;False;2;2
SEESMTSSAAUC005;poweredOn;False;2;2
SEESMTSSAAUC011;poweredOn;False;2;1
SEESMTSSAAUC012;poweredOn;False;4;1
SEESMTSSAAUC014;poweredOn;False;4;1
SEESMTSSAAUC015;poweredOn;False;4;1
SEESMTSSAAUC024;poweredOn;False;4;1
SEESMTSSAAUC025;poweredOn;False;2;1
SEESMTSSAAUC026;poweredOn;False;2;1
SEESMTSSAAUC102;poweredOn;False;4;1
SEESMTSSAAUC128;poweredOn;False;2;1
SEESMTSSAAUC145;poweredOn;False;4;1
SEESMTSSAAUC173;poweredOn;False;4;2
SEESMTSSAAUC174;poweredOn;False;4;2
SEESMTSSAAUC175;poweredOn;False;4;1
SEESMTSSAAUC182;poweredOn;False;2;1
SEESMTSSAAUP015;poweredOn;False;2;2
SEESMTSSAAUP016;poweredOn;False;2;2
SEESMTSSAAUP029;poweredOn;False;4;1
SEESMTSSAAUP030;poweredOn;False;4;2
SEESMTSSAAUP031;poweredOn;False;4;2
SEESMTSSAAUP039;poweredOn;False;2;1
SEESMTSSAAUP040;poweredOn;False;4;1
SEESMTSSAAUP041;poweredOn;False;4;1
SEESMTSSAAUP043;poweredOn;False;2;1
SEESMTSSAAUP045;poweredOn;False;2;1
SEESMTSSAAUP046;poweredOn;False;4;1
SEESMTSSAAUP047;poweredOn;False;4;1
SEESMTSSAAUP049;poweredOn;False;2;1
SEESMTSSAAUP050;poweredOn;False;2;1
SEESMTSSAAUP051;poweredOn;False;2;1
SEESMTSSAAUP052;poweredOn;False;2;1
SEESMTSSAAUP053;poweredOn;False;2;1
SEESMTSSAAUP056;poweredOn;False;4;1
SEESMTSSAAUP059;poweredOn;False;2;1
SEESMTSSAAUP060;poweredOn;False;4;1
SEESMTSSAAUP061;poweredOn;False;4;1
SEESMTSSAAUP062;poweredOn;False;16;1
SEESMTSSAAUP063;poweredOn;False;4;1
SEESMTSSAAUP064;poweredOn;False;2;1
SEESMTSSAAUP065;poweredOn;False;2;1
SEESMTSSAAUP066;poweredOn;False;4;1
SEESMTSSAAUP074;poweredOn;False;2;1
SEESMTSSAAUP086;poweredOn;False;16;1
SEESMTSSAAUP087;poweredOn;False;16;1
SEESMTSSAAUP088;poweredOn;False;16;1
SEESMTSSAAUP089;poweredOn;False;16;2
SEESMTSSAAUP090;poweredOn;False;8;1
SEESMTSSAAUP091;poweredOn;False;8;1
SEESMTSSAAUP092;poweredOn;False;2;1
SEESMTSSAAUP093;poweredOn;False;2;1
SEESMTSSAAUP094;poweredOn;False;2;1
SEESMTSSAAUP095;poweredOn;False;2;1
SEESMTSSAAUP099;poweredOn;False;2;1
SEESMTSSAAUP100;poweredOn;False;4;1
SEESMTSSAAUP101;poweredOn;False;4;1
SEESMTSSAAUP102;poweredOn;False;4;1
SEESMTSSAAUP207;poweredOn;False;2;1
SEESMTSSAAUP208;poweredOn;False;4;1
SEESMTSSAAUP209;poweredOn;False;4;1
SEESMTSSAAUP210;poweredOn;False;4;1
SEESMTSSAAUP211;poweredOn;False;4;1
SEESMTSSAAUP212;poweredOn;False;4;1
SEESMTSSAAUP241;poweredOn;False;8;1
SEESMTSSAAUP242;poweredOn;False;8;2
SEESMTSSAAUP246;poweredOn;False;8;1
SEESMTSSAAUP253;poweredOn;False;4;1
SEESMTSSAAUP254;poweredOn;False;4;1
SEESMTSSAAUP284;poweredOn;False;4;1
SEESMTSSAAUP285;poweredOn;False;8;1
SEESMTSSAAUP286;poweredOn;False;8;1
SEESMTSSAAUP287;poweredOn;False;8;1
SEESMTSSAAUP288;poweredOn;False;8;1
SEESMTSSAAUP293;poweredOn;False;2;2
SEESMTSSAAUP294;poweredOn;False;2;2
SEESMTSSAAUP295;poweredOn;False;8;2
SEESMTSSAAUP303;poweredOn;False;4;1
SEESMTSSAAUP304;poweredOn;False;6;2
SEESMTSSAAUP305;poweredOn;False;4;2
SEESMTSSAAUP306;poweredOn;False;4;1
SEESMTSSAAUP314;poweredOn;False;2;1
SEESMTSSAAUP315;poweredOn;False;2;1
SEESMTSSAAUP316;poweredOn;False;2;1
SEESMTSSAAUP333;poweredOn;False;2;1
SEESMTSSAAUP341;poweredOn;False;4;2
SEESMTSSAAUP342;poweredOn;False;4;2
SEESMTSSAAUP351;poweredOn;False;4;2
SEESMTSSAAUP352;poweredOn;False;4;2
SEESMTSSAAUP353;poweredOn;False;4;2
SEESMTSSAAUP354;poweredOn;False;4;2
SEESMTSSAAUP355;poweredOn;False;4;2
SEESMTSSAAUP356;poweredOn;False;4;2
SEESMTSSAAUP357;poweredOn;False;8;1
SEESMTSSAAUP358;poweredOn;False;8;1
SEESMTSSAAUP362;poweredOn;False;4;1
SEESMTSSAAUP363;poweredOn;False;8;1
SEESMTSSAAUP364;poweredOn;False;8;1
SEESMTSSAAUP365;poweredOn;False;8;2
SEESMTSSAAUP366;poweredOn;False;8;2
SEESMTSSAAUP367;poweredOn;False;8;1
SEESMTSSAAUP368;poweredOn;False;8;1
SEESMTSSAAUP369;poweredOn;False;8;1
SEESMTSSAAUP371;poweredOn;False;4;1
SEESMTSSAAUP372;poweredOn;False;4;1
SEESMTSSAAUP373;poweredOn;False;32;2
SEESMTSSAAUP374;poweredOn;False;8;1
SEESMTSSAAUP375;poweredOn;False;8;2
SEESMTSSAAUP376;poweredOn;False;4;1
SEESMTSSAAUP378;poweredOn;False;4;2
SEESMTSSAAUP379;poweredOn;False;4;1
SEESMTSSAAUP381;poweredOn;False;4;1
SEESMTSSAAUP382;poweredOn;False;4;1
SEESMTSSAAUP383;poweredOn;False;8;1
SEESMTSSAAUP385;poweredOn;False;8;1
SEESMTSSAAUP388;poweredOn;False;2;2
SEESMTSSAAUP392;poweredOn;False;4;1
SEESMTSSAAUP393;poweredOn;False;4;1
SEESMTSSAAUP396;poweredOn;False;4;1
SEESMTSSAAUP397;poweredOn;False;4;1
SEESMTSSAAUP398;poweredOn;False;2;1
SEESMTSSAAUP399;poweredOn;False;2;1
SEESMTSSAAUP400;poweredOn;False;2;1
SEESMTSSAAUP401;poweredOn;False;2;1
SEESMTSSAAWC001;poweredOn;False;2;2
SEESMTSSAAWC019;poweredOn;False;4;1
SEESMTSSAAWC023;poweredOn;False;2;2
SEESMTSSAAWC025;poweredOn;False;2;1
SEESMTSSAAWC027;poweredOn;False;8;1
SEESMTSSAAWC028;poweredOn;False;40;1
SEESMTSSAAWC029;poweredOn;False;8;1
SEESMTSSAAWC031;poweredOn;False;8;1
SEESMTSSAAWC032;poweredOn;False;4;1
SEESMTSSAAWC033;poweredOn;False;4;1
SEESMTSSAAWC034;poweredOn;False;4;1
SEESMTSSAAWC035;poweredOn;False;2;3
SEESMTSSAAWC036;poweredOn;False;4;3
SEESMTSSAAWC037;poweredOn;False;4;1
SEESMTSSAAWC038;poweredOn;False;4;1
SEESMTSSAAWC039;poweredOn;False;4;1
SEESMTSSAAWC040;poweredOn;False;4;1
SEESMTSSAAWC077;poweredOn;False;4;1
SEESMTSSAAWC078;poweredOn;False;4;1
SEESMTSSAAWC079;poweredOn;False;4;1
SEESMTSSAAWC439;poweredOn;False;4;1
SEESMTSSAAWC451;poweredOn;False;4;2
SEESMTSSAAWP001;poweredOn;False;2;2
SEESMTSSAAWP002;poweredOn;False;2;1
SEESMTSSAAWP004;poweredOn;False;2;1
SEESMTSSAAWP005;poweredOn;False;2;1
SEESMTSSAAWP006;poweredOn;False;2;1
SEESMTSSAAWP007;poweredOn;False;4;1
SEESMTSSAAWP008;poweredOn;False;16;1
SEESMTSSAAWP009;poweredOn;False;2;1
SEESMTSSAAWP010;poweredOn;False;2;1
SEESMTSSAAWP011;poweredOn;False;2;2
SEESMTSSAAWP012;poweredOn;False;2;2
SEESMTSSAAWP013;poweredOn;False;2;2
SEESMTSSAAWP015;poweredOn;False;8;1
SEESMTSSAAWP016;poweredOn;False;2;1
SEESMTSSAAWP020;poweredOn;False;2;1
SEESMTSSAAWP023;poweredOn;False;4;1
SEESMTSSAAWP025;poweredOn;False;2;3
SEESMTSSAAWP026;poweredOn;False;2;1
SEESMTSSAAWP027;poweredOn;False;2;1
SEESMTSSAAWP028;poweredOn;False;6;1
SEESMTSSAAWP038;poweredOn;False;8;1
SEESMTSSAAWP039;poweredOn;False;8;1
SEESMTSSAAWP040;poweredOn;False;8;1
SEESMTSSAAWP041;poweredOn;False;8;1
SEESMTSSAAWP042;poweredOn;False;8;1
SEESMTSSAAWP043;poweredOn;False;8;1
SEESMTSSAAWP044;poweredOn;False;8;1
SEESMTSSAAWP045;poweredOn;False;8;1
SEESMTSSAAWP046;poweredOn;False;8;1
SEESMTSSAAWP047;poweredOn;False;8;1
SEESMTSSAAWP053;poweredOn;False;2;1
SEESMTSSAAWP054;poweredOn;False;2;1
SEESMTSSAAWP055;poweredOn;False;2;1
SEESMTSSAAWP057;poweredOn;False;2;1
SEESMTSSAAWP059;poweredOn;False;2;1
SEESMTSSAAWP065;poweredOn;False;8;1
SEESMTSSAAWP066;poweredOn;False;4;1
SEESMTSSAAWP067;poweredOn;False;8;1
SEESMTSSAAWP068;poweredOn;False;8;1
SEESMTSSAAWP069;poweredOn;False;8;1
SEESMTSSAAWP071;poweredOn;False;8;1
SEESMTSSAAWP072;poweredOn;False;4;1
SEESMTSSAAWP073;poweredOn;False;8;1
SEESMTSSAAWP075;poweredOn;False;8;1
SEESMTSSAAWP077;poweredOn;False;4;1
SEESMTSSAAWP078;poweredOn;False;4;1
SEESMTSSAAWP079;poweredOn;False;8;1
SEESMTSSAAWP080;poweredOn;False;2;2
SEESMTSSAAWP081;poweredOn;False;4;2
SEESMTSSAAWP082;poweredOn;False;4;1
SEESMTSSAAWP083;poweredOn;False;4;1
SEESMTSSAAWP084;poweredOn;False;6;1
SEESMTSSAAWP085;poweredOn;False;8;1
SEESMTSSAAWP086;poweredOn;False;4;1
SEESMTSSAAWP087;poweredOn;False;4;1
SEESMTSSAAWP088;poweredOn;False;4;1
SEESMTSSAAWP089;poweredOn;False;4;1
SEESMTSSAAWP097;poweredOn;False;4;1
SEESMTSSAAWP098;poweredOn;False;4;1
SEESMTSSAAWP099;poweredOn;False;4;1
SEESMTSSAAWP100;poweredOn;False;4;1
SEESMTSSAAWP101;poweredOn;False;4;1
SEESMTSSAAWP102;poweredOn;False;4;1
SEESMTSSAAWP104;poweredOn;False;4;1
SEESMTSSAAWP105;poweredOn;False;8;1
SEESMTSSAAWP106;poweredOn;False;8;1
SEESMTSSAAWP107;poweredOn;False;8;1
SEESMTSSAAWP108;poweredOn;False;4;1
SEESMTSSAAWP109;poweredOn;False;16;1
SEESMTSSAAWP110;poweredOn;False;8;1
SEESMTSSAAWP407;poweredOn;False;24;1
SEESMTSSAAWP488;poweredOn;False;2;1
SEESMTSSAAWP598;poweredOn;False;32;1
SEESMTSSAAWP599;poweredOn;False;16;1
SEESMTSSAAWP600;poweredOn;False;32;1
SEESMTSSAAWP601;poweredOn;False;32;1
SEESMTSSAAWP602;poweredOn;False;6;1
SEESMTSSAAWP603;poweredOn;False;12;1
SEESMTSSAAWP605;poweredOn;False;2;1
SEESMTSSAAWP634;poweredOn;False;2;1
SEESMTSSAAWP669;poweredOn;False;4;1
SEESMTSSAAWP681;poweredOn;False;2;1
SEESMTSSAAWP683;poweredOn;False;4;1
SEESMTSSAAWP684;poweredOn;False;4;1
SEESMTSSAAWP685;poweredOn;False;2;1
SEESMTSSAAWP687;poweredOn;False;4;1
SEESMTSSAAWP688;poweredOn;False;4;1
SEESMTSSAAWP692;poweredOn;False;4;2
SEESMTSSAAWP704;poweredOn;False;2;1
SEESMTSSAAWP706;poweredOn;False;2;1
SEESMTSSAAWP707;poweredOn;False;2;1
SEESMTSSAAWP709;poweredOn;False;2;1
SEESMTSSAAWP787;poweredOn;False;4;1
SEESMTSSAAWP800;poweredOn;False;6;1
SEESMTSSAAWP801;poweredOn;False;4;1
SEESMTSSAAWP860;poweredOn;False;4;1
SEESMTSSAAWP873;poweredOn;False;4;1
SEESMTSSAAWP874;poweredOn;False;2;1
SEESMTSSAAWZ003;poweredOn;False;6;1
SEESMTSSAAWZ007;poweredOn;False;8;1
SEESMTSSAAWZ008;poweredOn;False;4;1
SEESMTSSAAWZ009;poweredOn;False;8;1
SEESMTSSAAWZ030;poweredOn;False;4;1
SEESMTSSAAWZ032;poweredOn;False;4;1
SEESMTSSAAWZ033;poweredOn;False;4;1
SEESMTSSAAWZ035;poweredOn;False;4;1
SEESMTSSAAWZ036;poweredOn;False;12;1
SEESMTSSAAWZ037;poweredOn;False;12;1
SEESMTSSAAWZ045;poweredOn;False;4;1
SEESMTSSAAWZ046;poweredOn;False;4;1
SEESMTSSAAWZ047;poweredOn;False;4;1
SEESMTSSABUC002;poweredOn;False;4;2
SEESMTSSABUC003;poweredOn;False;4;2
SEESMTSSABUC004;poweredOn;False;4;2
SEESMTSSABUC005;poweredOn;False;4;2
SEESMTSSABUP001;poweredOn;False;4;2
SEESMTSSABUP002;poweredOn;False;4;2
SEESMTSSABUP003;poweredOn;False;8;2
SEESMTSSABUP004;poweredOn;False;8;2
SEESMTSSABUP005;poweredOn;False;4;2
SEESMTSSABUP006;poweredOn;False;4;2
SEESMTSSABUP007;poweredOn;False;4;2
SEESMTSSABUP008;poweredOn;False;4;2
SEESMTSSABUP064;poweredOn;False;2;1
SEESMTSSABUP065;poweredOn;False;4;1
SEESMTSSGAOP018;poweredOn;False;4;2
SEESMTSSGAOP019;poweredOn;False;4;2
SEESMTSSGAOP020;poweredOn;False;4;2
SEESMTSSGAOP021;poweredOn;False;4;2
SEESMTSSGAOP022;poweredOn;False;4;2
SEESMTSSGAOP023;poweredOn;False;4;2
SEESMTSSGAOP024;poweredOn;False;4;2
SEESMTSSGAOP025;poweredOn;False;4;2
SEESMTSSGAOP026;poweredOn;False;4;2
SEESMTSSGAOP027;poweredOn;False;4;2
SEESMTSSGAOP028;poweredOn;False;4;2
SEESMTSSGAOP029;poweredOn;False;4;2
SEESMTSSGAOP031;poweredOn;False;4;2
SEESMTSSGAOP032;poweredOn;False;4;2
SEESMTSSGAOP033;poweredOn;False;4;2
SEESMTSSGAOP034;poweredOn;False;4;2
SEESMTSSGAOP035;poweredOn;False;4;2
SEESMTSSGAOP036;poweredOn;False;4;2
SEESMTSSGAOP037;poweredOn;False;4;2
SEESMTSSGAOP038;poweredOn;False;4;2
SEESMTSSGAOP039;poweredOn;False;4;2
SEESMTSSGAOP040;poweredOn;False;4;2
SEESMTSSGAOP041;poweredOn;False;4;2
SEESMTSSGAOP042;poweredOn;False;4;2
SEESMTSSGAOP043;poweredOn;False;4;2
SEESMTSSGAOP044;poweredOn;False;4;2
SEESMTSSGAOP045;poweredOn;False;4;2
SEESMTSSGAOP046;poweredOn;False;4;2
SEESMTSSGAOP047;poweredOn;False;4;2
SEESMTSSGAOP048;poweredOn;False;4;2
SEESMTSSGAOP050;poweredOn;False;4;2
SEESMTSSGAOP068;poweredOn;False;2;1
SEESMTSSGAOP069;poweredOn;False;4;2
SEESMTSSGAOP070;poweredOn;False;4;2
SEESMTSSGAOP071;poweredOn;False;4;2
SEESMTSSGAOP072;poweredOn;False;4;2
SEESMTSSGAOP073;poweredOff;False;4;2
SEESMTSSGAOP074;poweredOn;False;4;2
SEESMTSSGAOP075;poweredOn;False;4;2
SEESMTSSGAOP076;poweredOn;False;4;2
SEESMTSSGAOP077;poweredOn;False;4;2
SEESMTSSGAOP078;poweredOn;False;4;2
SEESMTSSGAOP079;poweredOn;False;8;2
SEESMTSSGAOP088;poweredOn;False;4;1
SEESMTSSGAOP210;poweredOn;False;4;1
SEESMTSSGAUP001;poweredOn;False;2;1
SEESMTSSGAUP002;poweredOn;False;2;1
SEESMTSSGAUP005;poweredOn;False;12;6
SEESMTSSGAUP009;poweredOn;False;12;6
SEESMTSSGAUP012;poweredOn;False;12;6
SEESMTSSGAUP015;poweredOn;False;12;6
SEESMTSSGAWP662;poweredOn;False;4;1
SEESMTSSGAWP663;poweredOn;False;2;1
SEESMTSSGAWP664;poweredOn;False;2;1
SEESMTSSGAWP665;poweredOn;False;2;1
SEESMTSSGAWP666;poweredOn;False;2;1
SEESMTSSGAWP667;poweredOn;False;6;1
SEESMTSWEAUC003;poweredOn;False;2;1
SEESMTSWEAUC004;poweredOn;False;2;1
SEESMTSWEAUC005;poweredOn;False;2;1
SEESMTSWEAUC006;poweredOn;False;2;1
SEESMTSWEAUC007;poweredOn;False;2;1
SEESMTSWEAUP003;poweredOn;False;4;1
SEESMTSWEAUP004;poweredOn;False;2;1
SEESMTSWEAUP005;poweredOn;False;2;1
SEESMTSWEAUP006;poweredOn;False;4;1
SEESMTSWEAUP007;poweredOn;False;4;1
SEESMTSWEAUP192;poweredOn;False;2;1
SEESMTSWEAUP268;poweredOn;False;8;1
SEESMTSWEAUP317;poweredOn;False;2;1
SEESMTSWEAUP318;poweredOn;False;2;1
SEESMTSWEAUP330;poweredOn;False;2;1
SEESMTSWEAUP331;poweredOn;False;2;1
SEESMTSWEAUT028;poweredOn;False;4;2
SEESMTSWEAWC002;poweredOn;False;2;2
SEESMTSWEAWC009;poweredOn;False;4;1
SEESMTSWEAWC012;poweredOn;False;4;1
SEESMTSWEAWC013;poweredOn;False;4;1
SEESMTSWEAWC014;poweredOn;False;4;1
SEESMTSWEAWP001;poweredOn;False;4;1
SEESMTSWEAWP002;poweredOn;False;2;2
SEESMTSWEAWP007;poweredOn;False;2;1
SEESMTSWEAWP008;poweredOn;False;4;1
SEESMTSWEAWP009;poweredOn;False;4;1
SEESMTSWEAWP011;poweredOn;False;8;2
SEESMTSWEAWP012;poweredOn;False;8;2
SEESMTSWEAWP013;poweredOn;False;4;1
SEESMTSWEAWP023;poweredOn;False;4;1
SEESMTSWEAWP024;poweredOn;False;4;1
SEESMTSWEAWP025;poweredOn;False;4;1
SEESMTSWEAWP026;poweredOn;False;4;1
SEESMTSWEAWP027;poweredOn;False;4;1
SEESMTSWEAWP028;poweredOn;False;4;1
SEESMTSWEAWP029;poweredOn;False;4;1
SEESMTSWEAWP030;poweredOn;False;4;1
SEESMTSWEAWP031;poweredOn;False;4;1
SEESMTSWEAWP032;poweredOn;False;8;1
SEESMTSWEAWP604;poweredOn;False;4;1
SEESMTSWEAWP615;poweredOn;False;4;1
SEESMTSWEAWP670;poweredOn;False;4;1
SEESMTSWEAWP711;poweredOn;False;4;1
SEESMTSWEAWP743;poweredOn;False;2;1
SEESMTSWEAWP751;poweredOn;False;4;1
SEESMTSWEAWP752;poweredOn;False;4;1
SEESMTSWEAWP753;poweredOn;False;4;1
SEESMTSWEAWP754;poweredOn;False;4;1
SEESMTSWEAWP842;poweredOn;False;2;1
SEESMTSWEAWP843;poweredOn;False;2;1
SEESMTSWEAWP867;poweredOn;False;2;1
SEESMTSWEBWP697;poweredOn;False;4;1
SEESMTSWEBWP744;poweredOn;False;2;1
SEESMTSWFAWP001;poweredOn;False;4;1
SEESMTSWFAWP693;poweredOn;False;2;1
SEESMTSWFAWP694;poweredOn;False;2;1
SEESMTSWFAWP727;poweredOn;False;2;1
SEESMTSWFAWP728;poweredOn;False;2;1
SEESMTSWQAUP001;poweredOn;False;4;1
SEESMTSWQAWP726;poweredOn;False;2;1
SEESMTSWTAWP001;poweredOn;False;2;1
SEESMTSWTAWP002;poweredOn;False;2;1
SEESMTSWVAUC001;poweredOn;False;2;1
SEESMTSWVAUC002;poweredOn;False;2;1
SEESMTSWVAUC003;poweredOn;False;2;1
SEESMTSWVAUC004;poweredOn;False;2;1
SEESMTSWVAUP001;poweredOn;False;2;1
SEESMTSWVAUP002;poweredOn;False;2;1
SEESMTSWVAUP003;poweredOn;False;2;1
SEESMTSWVAUP004;poweredOn;False;2;1
SEESMTSWVAUT001;poweredOn;False;2;1
SEESMTSWVAWP699;poweredOn;False;4;1
SEESMTSWVAWP798;poweredOn;False;4;1
SEESMTSWVAWP799;poweredOn;False;4;1
SEESMTSWVAWT015;poweredOn;False;2;1
SEESMTSWVAWT016;poweredOn;False;4;1
SEESMTSWVAWT019;poweredOn;False;4;1
SEESMTSWVAWT020;poweredOn;False;4;1
SIDISPRIMETEST;poweredOn;False;4;1
vSAN File Service Node (1);poweredOn;False;4;1
vSAN File Service Node (10);poweredOn;False;4;1
vSAN File Service Node (11);poweredOn;False;4;1
vSAN File Service Node (12);poweredOn;False;4;1
vSAN File Service Node (13);poweredOn;False;4;1
vSAN File Service Node (14);poweredOn;False;4;1
vSAN File Service Node (2);poweredOn;False;4;1
vSAN File Service Node (3);poweredOn;False;4;1
vSAN File Service Node (4);poweredOn;False;4;1
vSAN File Service Node (5);poweredOn;False;4;1
vSAN File Service Node (6);poweredOn;False;4;1
vSAN File Service Node (7);poweredOn;False;4;1
vSAN File Service Node (8);poweredOn;False;4;1
vSAN File Service Node (9);poweredOn;False;4;1
WASCONSOLE;poweredOn;False;2;1
win-ansible-01;poweredOn;False;4;1
win-ansible-04;poweredOn;False;4;1
win-vm-from-ansible-02;poweredOn;False;4;1
0_19012024_afectado_seguridad_Ivanti_SEESMTSCOAWP719;poweredOff;False;12;1
0_SEESMTSCOAWP468_CLON_TEST;poweredOff;False;8;1
0_Template_veeam_proxy_HCI;poweredOff;True;1;1
0_TEMPLATE_W2019_v5_Datacenter;poweredOn;False;4;1
0_TEMPLATE_W2019_v5_Datacenter;poweredOff;True;4;1
0_TEMPLATE_W2022_DATACENTER_v1;poweredOff;False;4;1
0_TEMPLATE_W2022_DATACENTER_v1;poweredOff;True;4;1
ESEATMASV00345;poweredOn;False;2;4
ESEATMASV00412;poweredOn;False;8;6
ESEATMASV00414;poweredOn;False;6;6
ESEATMASV00439;poweredOn;False;4;5
ESEATMASV00449;poweredOn;False;2;4
ESEATMASV00458;poweredOn;False;8;4
ESEATMASV00475;poweredOn;False;4;6
ESEATMASV00476;poweredOn;False;20;8
ESEATMASV00584;poweredOn;False;2;2
ESEATMASV01801;poweredOn;False;4;8
ESEATMASV01802;poweredOn;False;6;8
ESEATMAUV00007;poweredOn;False;2;4
export;poweredOn;False;2;1
GraphiteVA;poweredOn;False;2;2
SEESMTSAPAWP003;poweredOn;False;2;1
SEESMTSAPAWP004;poweredOn;False;8;1
SEESMTSAPAWP005;poweredOff;False;2;3
SEESMTSAPAWP435;poweredOn;False;2;6
SEESMTSAPAWP617;poweredOn;False;8;10
SEESMTSAPAWP622;poweredOn;False;8;6
SEESMTSAPAWP625;poweredOn;False;2;4
SEESMTSAPAWP870;poweredOn;False;2;1
SEESMTSCOAWP001;poweredOn;False;2;1
SEESMTSCOAWP003;poweredOn;False;6;1
SEESMTSCOAWP005;poweredOn;False;2;1
SEESMTSCOAWP010;poweredOn;False;2;1
SEESMTSCOAWP014;poweredOn;False;4;1
SEESMTSCOAWP405;poweredOn;False;4;1
SEESMTSCOAWP414;poweredOn;False;4;1
SEESMTSCOAWP419;poweredOn;False;2;1
SEESMTSCOAWP468;poweredOn;False;8;1
SEESMTSCOAWP472;poweredOn;False;2;1
SEESMTSCOAWP673;poweredOn;False;4;1
SEESMTSCOAWP686;poweredOn;False;2;2
SEESMTSCOAWP692;poweredOn;False;2;1
SEESMTSCOAWP707;poweredOn;False;4;1
SEESMTSCOAWP710;poweredOn;False;2;1
SEESMTSCOAWP712;poweredOn;False;2;1
SEESMTSCOAWP716;poweredOn;False;16;1
SEESMTSCOAWP717;poweredOn;False;16;1
SEESMTSCOAWP718;poweredOn;False;8;2
SEESMTSCOAWP719;poweredOn;False;16;1
SEESMTSCOAWP725;poweredOn;False;4;1
SEESMTSCOAWP732;poweredOn;False;2;1
SEESMTSCOAWP745;poweredOn;False;2;1
SEESMTSCOAWP748;poweredOn;False;3;1
SEESMTSCOAWP749;poweredOn;False;2;1
SEESMTSCOAWP750;poweredOn;False;4;1
SEESMTSCOAWP763;poweredOn;False;2;1
SEESMTSCOAWP776;poweredOn;False;4;1
SEESMTSCOAWP780;poweredOn;False;4;1
SEESMTSCOAWP785;poweredOn;False;2;1
SEESMTSCOAWP786;poweredOn;False;2;1
SEESMTSCOAWP788;poweredOn;False;2;1
SEESMTSCOAWP790;poweredOn;False;2;1
SEESMTSCOAWP810;poweredOn;False;2;1
SEESMTSCOAWP811;poweredOn;False;2;1
SEESMTSCOAWP814;poweredOn;False;4;1
SEESMTSCOAWP815;poweredOn;False;4;1
SEESMTSCOAWP826;poweredOn;False;4;1
SEESMTSCOAWP846;poweredOn;False;2;1
SEESMTSCOAWP848;poweredOn;False;2;1
SEESMTSCOAWP859;poweredOn;False;2;1
SEESMTSCOAWP861;poweredOff;False;16;1
SEESMTSCOAWP862;poweredOff;False;16;1
SEESMTSDCAWP870;poweredOn;False;2;3
SEESMTSDCAWP871;poweredOn;False;2;3
SEESMTSHMAUP320;poweredOn;False;2;4
SEESMTSSAAUP042;poweredOn;False;8;2
SEESMTSSAAUP054;poweredOn;False;2;1
SEESMTSSAAUP103;poweredOn;False;4;1
SEESMTSSAAWP035;poweredOn;False;8;3
SEESMTSSAAWP036;poweredOn;False;8;3
SEESMTSSAAWP037;poweredOn;False;12;3
SEESMTSSAAWP052;poweredOn;False;8;1
SEESMTSSAAWP074;poweredOn;False;4;1
SEESMTSSAAWP076;poweredOn;False;4;1
SEESMTSSAAWP091;poweredOn;False;4;1
SEESMTSSAAWP092;poweredOn;False;4;1
SEESMTSSAAWP093;poweredOn;False;4;1
SEESMTSSAAWP781;poweredOn;False;2;3
SEESMTSSAAWP872;poweredOn;False;8;1
SEESMTSSAAWP875;poweredOn;False;4;4
SEESMTSSGAOP001;poweredOn;False;8;1
SEESMTSSGAOP012;poweredOn;False;4;2
SEESMTSSGAOP013;poweredOn;False;4;2
SEESMTSSGAOP014;poweredOn;False;4;2
SEESMTSSGAOP015;poweredOn;False;4;2
SEESMTSSGAOP016;poweredOn;False;4;2
SEESMTSSGAOP017;poweredOn;False;4;2
SEESMTSSGAOP053;poweredOn;False;8;1
SEESMTSSGAOP054;poweredOn;False;8;1
SEESMTSSGAOP055;poweredOn;False;8;1
SEESMTSSGAOP057;poweredOn;False;16;1
SEESMTSSGAOP059;poweredOn;False;16;1
SEESMTSSGAOP060;poweredOn;False;8;1
SEESMTSSGAOP062;poweredOff;False;12;1
SEESMTSSGAOP063;poweredOn;False;8;1
SEESMTSSGAOP064;poweredOn;False;8;1
SEESMTSSGAOP218;poweredOn;False;8;3
SEESMTSSGAOP219;poweredOn;False;16;3
SEESMTSSGAUP004;poweredOn;False;6;3
SEESMTSSGAWP001;poweredOn;False;2;2
SEESMTSSGAWP002;poweredOn;False;2;2
SEESMTSSGAWP003;poweredOn;False;2;2
SEESMTSSGAWP005;poweredOn;False;2;1
SEESMTSSGAWP006;poweredOn;False;4;2
SEESMTSSGAWP007;poweredOn;False;4;2
SEESMTSSGAWP009;poweredOn;False;4;4
SEESMTSSGAWP010;poweredOn;False;4;2
SEESMTSSGAWP675;poweredOn;False;8;2
APPSTACKOFI;poweredOff;False;1;1
cp-parent-5bc9ab55-4945-4ed8-bf03-22bb7325eebb;poweredOn;False;8;1
cp-parent-a4e3688e-6c98-4da7-b6ee-5b85273dc0ec;poweredOn;False;8;1
cp-parent-bc43c6df-d22a-4400-9da1-0158de6ff1a6;poweredOn;False;8;1
cp-replica-0ff4f308-e55b-4c61-991c-f36b421d9a98;poweredOff;False;8;1
cp-replica-2b82dc32-e3da-44db-8acd-74474c605ceb;poweredOff;False;12;1
cp-replica-3c85fd77-af65-4028-8d74-53ab4df4dc3a;poweredOff;False;8;1
cp-replica-62df511b-6658-47c0-ab82-7ec81bf895a5;poweredOff;False;8;1
cp-replica-6a15b57c-7b83-421a-859c-81ae8ae11192;poweredOff;False;8;1
cp-replica-75ae5f51-820e-4cf0-92fc-f9664e3d1edb;poweredOff;False;8;1
cp-replica-7e56cd1b-73de-406a-af7e-4887555df729;poweredOff;False;8;1
cp-replica-8b73983e-e5e0-4788-8cc2-c9a86dcbf9ee;poweredOff;False;8;1
cp-replica-989fc0a9-8e78-495e-886e-1c409757a94a;poweredOff;False;8;1
cp-replica-a8befbaa-6343-41ff-a6b0-6d410a3a7490;poweredOff;False;12;1
cp-replica-b7c89fb5-7043-41f9-bace-e45ca45ceb4a;poweredOff;False;12;1
cp-replica-f0eebcb5-6515-4aae-9180-c9433704ba5f;poweredOff;False;12;1
cp-template-0b27b6f7-2d4f-4bec-b813-e1126a15bd86;poweredOff;False;8;1
cp-template-301f1324-299f-49f9-86d4-8d36e5e63d2a;poweredOff;False;8;1
cp-template-32322e99-9d3c-43c8-a4fd-984b90de037d;poweredOff;False;8;1
cp-template-639f92e9-3662-4cd9-8e4b-81776a3bd9d4;poweredOff;False;12;1
cp-template-7ca78421-2739-4bbd-9239-684b2261bf41;poweredOff;False;8;1
cp-template-9271aa51-e5e0-4470-a7d7-794967d11427;poweredOff;False;8;1
cp-template-a17c95f1-1994-46a0-af17-b482e3b14361;poweredOff;False;8;1
cp-template-aa2d3366-8843-4469-a78f-dbe43ba53b65;poweredOff;False;12;1
cp-template-b1a80e9e-2851-40b5-bf87-0d4e9201553a;poweredOff;False;12;1
cp-template-db6d7441-5d58-4336-98cf-222f4f9c621d;poweredOff;False;12;1
cp-template-e0429608-81d0-480b-af57-0662cd87bd16;poweredOff;False;8;1
cp-template-ef86e516-976a-484e-8776-7a608abddbe5;poweredOff;False;8;1
EN VALIDACION -W10MASCAX_HPC_22H2_0224;poweredOn;False;12;1
LNXKEY01;poweredOn;False;8;1
lnxpki01;poweredOn;False;8;1
lnxpki02;poweredOn;False;8;1
LNXPRE01;poweredOff;False;8;1
LNXPRE02;poweredOn;False;8;1
lnxpre128gic01;poweredOn;False;8;1
lnxpre128gic02;poweredOn;False;8;1
lnxpre-master-tmpl-hpc-128gic-v1-1311;poweredOff;False;8;1
lnxpre-master-tmpl-hpc-128gic-v1-1312;poweredOff;False;8;1
lnxpre-master-tmpl-hpc-128gic-v1-3010;poweredOff;False;8;1
LNXPROD128G001;poweredOn;False;8;1
LNXPROD128G01;poweredOn;False;8;1
LNXPROD128G02;poweredOn;False;8;1
LNXPROD128G03;poweredOn;False;8;1
LNXPROD128G04;poweredOff;False;8;1
LNXPROD128G06;poweredOff;False;8;1
LNXPROD128G07;poweredOff;False;8;1
LNXPROD128G08;poweredOn;False;8;1
LNXPROD128G12;poweredOn;False;8;1
LNXPROD128G13;poweredOff;False;8;1
LNXPROD128G14;poweredOff;False;8;1
LNXPROD128G15;poweredOff;False;8;1
lnxprod128gHPC-template-240423;poweredOff;True;8;1
lnxprod128gic01;poweredOn;False;8;1
lnxprod128gic02;poweredOn;False;8;1
lnxprod128gic03;poweredOn;False;8;1
lnxprod128gic04;poweredOn;False;8;1
lnxprod128gic05;poweredOn;False;8;1
lnxprod128gic06;poweredOn;False;8;1
lnxprod128gic07;poweredOn;False;8;1
lnxprod128gic08;poweredOn;False;8;1
lnxprod128gic09;poweredOn;False;8;1
lnxprod128gic10;poweredOn;False;8;1
lnxprod128gic11;poweredOn;False;8;1
lnxprod128gic12;poweredOn;False;8;1
lnxprod128gic13;poweredOn;False;8;1
lnxprod128gic14;poweredOn;False;8;1
lnxprod128gic15;poweredOn;False;8;1
lnxprod128g-IC-template-CAXLNX-060822;poweredOff;True;8;1
lnxprod128g-template-CAX-140423;poweredOff;True;8;1
lnxprod128g-template-CAXLNX-140423;poweredOff;True;8;1
lnxprod128g-template-CAXLNX-240423;poweredOff;False;8;1
lnxprod128g-template-HPC-KEY;poweredOff;True;8;1
lnxprod128g-template-HPCLNX-RHEL8;poweredOff;True;8;1
LNXPROD128H01;poweredOn;False;8;1
LNXPROD256G03;poweredOn;False;8;1
LNXPROD256G04;poweredOff;False;8;1
LNXPROD256G05;poweredOff;False;8;1
LNXPROD256G06;poweredOff;False;8;1
LNXPROD256G07;poweredOff;False;8;1
LNXPROD256GIC01;poweredOn;False;8;1
LNXPROD256GIC02;poweredOn;False;8;1
LNXPROD256GIC03;poweredOn;False;8;1
LNXPROD256GIC04;poweredOn;False;8;1
LNXPROD256GIC05;poweredOn;False;8;1
LNXPROD256GIC06;poweredOn;False;8;1
LNXPROD256GIC07;poweredOn;False;8;1
LNXPROD256GIC08;poweredOn;False;8;1
LNXPROD256GIC09;poweredOn;False;8;1
LNXPROD256GIC10;poweredOn;False;8;1
lnxprod256gIC-template-140423;poweredOff;False;8;1
lnxprod256gIC-template-240423;poweredOff;False;8;1
lnxprod256g-IC-template-CAXLNX-060822;poweredOff;False;8;1
lnxprod256g-template-CAX-140423;poweredOff;True;8;1
lnxprod256g-template-CAX-240423;poweredOff;False;8;1
LNXPROD256T01;poweredOn;False;8;1
LNXPROD64G001;poweredOff;False;8;1
LNXPROD64G002;poweredOff;False;8;1
LNXPROD64G003;poweredOff;False;8;1
LNXPROD64G005;poweredOff;False;8;1
LNXPROD64G006;poweredOff;False;8;1
LNXPROD64G007;poweredOn;False;8;1
LNXPROD64G008;poweredOff;False;8;1
LNXPROD64G010;poweredOff;False;8;1
LNXPROD64G012;poweredOff;False;8;1
LNXPROD64G013;poweredOff;False;8;1
LNXPROD64G014;poweredOff;False;8;1
LNXPROD64G015;poweredOn;False;8;1
LNXPROD64G016;poweredOff;False;8;1
LNXPROD64G017;poweredOff;False;8;1
LNXPROD64G018;poweredOff;False;8;1
LNXPROD64G019;poweredOn;False;8;1
LNXPROD64G020;poweredOn;False;8;1
LNXPROD64G021;poweredOn;False;8;1
LNXPROD64G24;poweredOff;False;8;1
LNXPROD64G39;poweredOff;False;8;1
LNXPROD64G40;poweredOff;False;8;1
LNXPROD64G41;poweredOff;False;8;1
LNXPROD64G42;poweredOff;False;8;1
LNXPROD64G45;poweredOff;False;8;1
LNXPROD64G46;poweredOff;False;8;1
LNXPROD64G47;poweredOff;False;8;1
LNXPROD64G50;poweredOn;False;8;1
LNXPROD64G51;poweredOff;False;8;1
LNXPROD64G52;poweredOff;False;8;1
LNXPROD64G54;poweredOff;False;8;1
LNXPROD64G55;poweredOn;False;8;1
LNXPROD64G56;poweredOff;False;8;1
LNXPROD64G57;poweredOn;False;8;1
LNXPROD64G58;poweredOn;False;8;1
LNXPROD64G59;poweredOn;False;8;1
LNXPROD64G60;poweredOff;False;8;1
LNXPROD64G61;poweredOn;False;8;1
LNXPROD64G66;poweredOn;False;8;1
LNXPROD64G68;poweredOff;False;8;1
LNXPROD64G69;poweredOff;False;8;1
LNXPROD64G70;poweredOff;False;8;1
LNXPROD64G71;poweredOn;False;8;1
LNXPROD64G72;poweredOff;False;8;1
LNXPROD64G73;poweredOff;False;8;1
LNXPROD64G74;poweredOn;False;8;1
LNXPROD64G75;poweredOff;False;8;1
LNXPROD64G76;poweredOff;False;8;1
LNXPROD64G77;poweredOn;False;8;1
LNXPROD64G78;poweredOn;False;8;1
LNXPROD64G79;poweredOff;False;8;1
LNXPROD64G80;poweredOn;False;8;1
LNXPROD64G81;poweredOff;False;8;1
LNXPROD64G82;poweredOn;False;8;1
LNXPROD64G83;poweredOff;False;8;1
LNXPROD64G85;poweredOn;False;8;1
LNXPROD64G86;poweredOn;False;8;1
LNXPROD64G87;poweredOn;False;8;1
LNXPROD64G88;poweredOff;False;8;1
LNXPROD64G89;poweredOff;False;8;1
LNXPROD64G90;poweredOff;False;8;1
LNXPROD64G91;poweredOn;False;8;1
LNXPROD64G92;poweredOn;False;8;1
LNXPROD64G93;poweredOff;False;8;1
LNXPROD64G95;poweredOff;False;8;1
LNXPROD64G96;poweredOff;False;8;1
LNXPROD64G97;poweredOff;False;8;1
LNXPROD64G98;poweredOff;False;8;1
LNXPROD64G99;poweredOn;False;8;1
LNXPROD64GIC01;poweredOn;False;8;1
LNXPROD64GIC02;poweredOn;False;8;1
LNXPROD64GIC03;poweredOn;False;8;1
lnxprod64gIC-template-140423;poweredOff;False;8;1
lnxprod64gIC-template-240423;poweredOff;False;8;1
lnxprod64g-IC-template-CAXLNX-060822;poweredOff;False;8;1
lnxprod64g-template-030722_v2;poweredOff;True;8;1
lnxprod64g-template-CAX-140423;poweredOff;True;8;1
lnxprod64g-template-CAXLNX-140423;poweredOff;True;8;1
lnxprod64g-template-CAXLNX-240423;poweredOff;False;8;1
lnxprod-master-hpc-02052023;poweredOff;False;8;1
lnxprod-master-hpc-13122023;poweredOff;False;8;1
lnxprod-master-hpc-poc-rhel8;poweredOff;False;8;1
lnxprod-master-tmpl-hpc-128gic-v1-1311;poweredOff;False;8;1
lnxprod-master-tmpl-hpc-128gic-v1-1312;poweredOff;False;8;1
lnxprod-master-tmpl-hpc-128gic-v2-2111;poweredOff;False;8;1
lnxprod-master-tmpl-hpc-128gp-1.0-09052023;poweredOff;True;8;1
lnxprod-master-tmpl-hpc-128gp-1.0-11052023;poweredOff;True;8;1
lnxprod-master-tmpl-hpc-128gp-1.0-22052023;poweredOff;True;8;1
lnxprod-master-tmpl-hpc-128gp-v1-1311;poweredOff;True;8;1
lnxprod-master-tmpl-hpc-128gp-v1-310124;poweredOff;True;8;1
lnxprod-master-tmpl-hpc-256gic-v1-1311;poweredOff;False;8;1
lnxprod-master-tmpl-hpc-256gic-v1-1312;poweredOff;False;8;1
lnxprod-master-tmpl-hpc-256gic-v1-2507;poweredOff;False;8;1
lnxprod-master-tmpl-hpc-256gic-v2-2111;poweredOff;False;8;1
lnxprod-master-tmpl-hpc-64gic-v1-1311;poweredOff;False;8;1
lnxprod-master-tmpl-hpc-64gic-v1-1312;poweredOff;False;8;1
lnxprod-master-tmpl-hpc-64gic-v1-2507;poweredOff;False;8;1
lnxprod-master-tmpl-hpc-64gic-v2-2111;poweredOff;False;8;1
lnxprod-master-tmpl-hpc-64gic-v2-2507;poweredOff;False;8;1
lnxprod-master-tmpl-hpc-64gp-1.0-22052023;poweredOff;True;8;1
lnxprod-master-tmpl-hpc-64gp-v1-26042023;poweredOff;True;8;1
lnxprod-template-master-11032023_NVIDIA_TEST;poweredOff;True;8;1
lnxprod-template-master-11032023_v2;poweredOff;False;8;1
LNXRHEL801;poweredOn;False;8;1
OLD_W10CAX0523CAP01;poweredOff;False;12;1
OLD_W10MASCAX_21H2_0124;poweredOff;False;12;1
OLD_W10MASCAX_21H2_0623;poweredOff;False;12;1
OLD_W10MASCAX_22H2_0224;poweredOff;False;12;1
OLD_W10MASOFI_20H2_0123_O365;poweredOff;False;8;1
OLD_W10MASOFI_21H2_0223_O2016;poweredOff;False;8;1
OLD_W10MASOFI_21H2_0223_O365;poweredOff;False;8;1
OLD_W10MASOFI_21H2_0523;poweredOff;False;8;1
OLD_W10MASOFI_22H2_1023;poweredOff;False;8;1
OLD_W10MASOFI_22H2-POOL_PERST;poweredOff;False;8;1
replica-011d8e2c-8a24-42ac-ab71-be420d8b8961;poweredOff;False;6;1
replica-82b90dc8-f6ae-4986-b6d7-cd50b0d133d4;poweredOff;False;6;1
replica-d34f246f-cfe3-4b9e-af0f-290e19256bba;poweredOff;False;6;1
replica-da3835db-3c5f-43d3-9825-3b70029e6fa9;poweredOff;False;6;1
replica-f3e953fe-bb9e-47b2-8212-62fd6bf1ef5b;poweredOff;False;6;1
SEESMTSCOW10001;poweredOn;False;8;1
SEESMTSCOW10002;poweredOn;False;8;1
SEESMTSCOW10003;poweredOn;False;8;1
SEESMTSCOW10004;poweredOn;False;8;1
SEESMTSCOW10005;poweredOn;False;8;1
SEESMTSCOW10006;poweredOn;False;8;1
SEESMTSCOW10007;poweredOn;False;8;1
SEESMTSCOW10008;poweredOn;False;8;1
SEESMTSCOW10009;poweredOn;False;8;1
SEESMTSCOW10010;poweredOn;False;8;1
SEESMTSCOW10011;poweredOn;False;8;1
SEESMTSCOW10013;poweredOn;False;8;1
SEESMTSCOW10015;poweredOn;False;8;1
SEESMTSCOW10016;poweredOn;False;8;1
SEESMTSCOW10018;poweredOn;False;8;1
SEESMTSCOW10020;poweredOn;False;8;1
SEESMTSCOW10038;poweredOff;False;8;0
SEESMTSCOW11001;poweredOn;False;8;1
SEESMTSCOW11002;poweredOn;False;8;1
SEESMTSCOW11003;poweredOn;False;8;1
SEESMTSCOW11004;poweredOn;False;8;1
SEESMTSCOW11005;poweredOn;False;8;1
SEESMTSCVTO0001;poweredOn;False;8;1
SEESMTSCVTO0002;poweredOn;False;8;1
SEESMTSCVTO0003;poweredOn;False;8;1
SEESMTSCVTO0004;poweredOn;False;8;1
SEESMTSCVTO0005;poweredOn;False;8;1
SEESMTSCVTO0006;poweredOn;False;8;1
SEESMTSCVTO0007;poweredOn;False;8;1
SEESMTSCVTO0008;poweredOn;False;8;1
SEESMTSCVTO0013;poweredOn;False;8;1
SEESMTSCVTO0014;poweredOn;False;8;1
SEESMTSCX102001;poweredOn;False;12;1
SEESMTSCX102002;poweredOn;False;12;1
SEESMTSCX102003;poweredOn;False;12;1
SEESMTSCX102005;poweredOn;False;12;1
SEESMTSCX102008;poweredOn;False;12;1
SEESMTSCX104001;poweredOn;False;12;1
SEESMTSCX104002;poweredOn;False;12;1
SEESMTSCX104003;poweredOn;False;12;1
SEESMTSCX104004;poweredOn;False;12;1
SEESMTSCX104005;poweredOn;False;12;1
SEESMTSCX104006;poweredOn;False;12;1
SEESMTSCX104007;poweredOn;False;12;1
SEESMTSCX104008;poweredOn;False;12;1
SEESMTSCX104009;poweredOn;False;12;1
SEESMTSCX104010;poweredOn;False;12;1
SEESMTSCX104011;poweredOn;False;12;1
SEESMTSCX104301;poweredOn;False;12;1
SEESMTSCX104302;poweredOn;False;12;1
SEESMTSCX108001;poweredOn;False;12;1
SEESMTSCX108002;poweredOn;False;12;1
SEESMTSCX108003;poweredOn;False;12;1
SEESMTSCX108004;poweredOn;False;12;1
SEESMTSPOC10001;poweredOn;False;8;1
SEESMTSPOC10002;poweredOn;False;8;1
SEESMTSPOC10003;poweredOn;False;8;1
SEESMTSPOC10004;poweredOn;False;8;1
SEESMTSPOC10005;poweredOn;False;8;1
SEESMTSPOC10006;poweredOn;False;8;1
SEESMTSSGAOP004;poweredOn;False;4;2
SEESMTSSGAOP049;poweredOn;False;4;2
SEESMTSSGAOP058;poweredOn;False;4;2
SEESMTSSGAOP067;poweredOn;False;4;2
SEESMTSSGAWP450;poweredOn;False;2;2
SEESMTSSGAWP659;poweredOn;False;2;2
SEESMTSSGAWP660;poweredOn;False;2;2
SEESMTSSGAWP661;poweredOn;False;2;2
Template_veeam_proxy_CAX;poweredOff;True;4;1
Template_veeam_proxy_CAX_LNX;poweredOff;True;4;1
Template_veeam_proxy_CAX_LNX_HPC;poweredOff;True;4;1
Template_veeam_proxy_OFIMATICA;poweredOff;True;4;1
VDIPARENT;poweredOff;True;6;1
W10BKPCAX_20H2_0123_ultima_20H2;poweredOff;False;12;1
W10BKPCAX_21H2_1123;poweredOff;False;12;1
W10BKPCAX_21H2_1223;poweredOff;False;12;1
W10BKPCAX_22H2_0124;poweredOff;False;12;1
W10BKPCAX_22H2_0224;poweredOff;False;12;1
W10BKPCAX_22H2_1123;poweredOff;False;12;1
W10BKPCAX_22H2_1223;poweredOff;False;12;1
W10BKPCAX_22H2_CONNECTv8.2_0224;poweredOff;False;12;1
W10BKPCAX_22H2_GRIv12_0124;poweredOff;False;12;1
W10BKPOFI_02016_21H2_0223_ultima_O2016;poweredOff;False;8;1
W10BKPOFI_21H2_0124;poweredOff;False;8;1
W10BKPOFI_21H2_0224;poweredOff;False;8;1
W10BKPOFI_21H2_1223;poweredOff;False;8;1
W10BKPOFI_22H2_0124;poweredOff;False;8;1
W10BKPOFI_22H2_0224;poweredOff;False;8;1
W10BKPOFI_22H2_1223;poweredOff;False;8;1
W10BKPOFI_O2016_20H2_0123_ultima_20H2;poweredOff;False;8;1
W10BKPOFI_O365_20H2_JENKINS_0922;poweredOff;False;6;1
W10BKPOFI_O365_20H2_LONDRINA_0922;poweredOff;False;6;1
W10CAPCAX22H2-0124-NEW;poweredOff;False;12;1
W10CAX0423CAP01_OLD;poweredOff;False;12;1
W10CAX0723CAP01_OLD;poweredOff;False;12;1
W10CAX1909CAP01;poweredOff;False;6;1
W10CAX2009CAP01_OLD;poweredOff;False;8;1
W10CAX2009CAP01-MIGRACION;poweredOff;False;6;1
W10LONDRINA_2OH2_0323_O365;poweredOn;False;6;1
W10MASCAX_21H2_170423_ultima _O2016;poweredOff;False;12;1
W10MASCAX_21H2_M23;poweredOff;False;12;1
W10MASCAX_22H2_0224;poweredOn;False;12;1
W10MASCAX_22H2_1023_TEST_TOOLS;poweredOff;False;12;1
W10MASCAX_CONNECv8.2_22H2_0224;poweredOn;False;12;1
W10MASCAX20H3;poweredOff;False;12;1
W10MASOFI_21H2_0224;poweredOn;False;8;1
W10MASOFI_21H2_M23_O2016;poweredOff;False;8;1
W10MASOFI_21H2_M23_O365;poweredOff;False;8;1
W10MASOFI_22H2_0224;poweredOn;False;8;1
W10OFI20H2CAP01;poweredOff;False;6;1
W10OFI20H2CAP02-MIGRACION;poweredOff;False;6;1
W10PC2QCNT0224;poweredOff;False;12;1
W10PC4QCNT0224;poweredOff;False;12;1
W10PC8QCNT0224;poweredOff;False;12;1
W10PPC_CONNECT_V8.2;poweredOff;False;12;1
W10PPC4Q-GRIv12-22H2-0124;poweredOff;False;12;1
W10PRECAXPPC_CONNECT_V8.2;poweredOff;False;12;1
W10PRODCAX2Q-21H2_0923;poweredOff;False;12;1
W10PRODCAX2Q-22H2_0124;poweredOff;False;12;1
W10PRODCAX2Q-22H2_1023;poweredOff;False;12;1
W10PRODCAX2Q-22H2_1123;poweredOff;False;12;1
W10PRODCAX2Q-22H2_1223;poweredOff;False;12;1
W10PRODCAX2Q-GRIv12-22H1-0124;poweredOff;False;12;1
W10PRODCAX4Q-21H2_0923;poweredOff;False;12;1
W10PRODCAX4Q-22H2_0124;poweredOff;False;12;1
W10PRODCAX4Q-22H2_1023;poweredOff;False;12;1
W10PRODCAX4Q-22H2_1123;poweredOff;False;12;1
W10PRODCAX4Q-22H2_1223;poweredOff;False;12;1
W10PRODCAX4Q-GRIv12-22H1-0124;poweredOff;False;12;1
W10PRODCAX8Q-21H2_0923;poweredOff;False;12;1
W10PRODCAX8Q-22H2_0124;poweredOff;False;12;1
W10PRODCAX8Q-22H2_1023;poweredOff;False;12;1
W10PRODCAX8Q-22H2_1123;poweredOff;False;12;1
W10PRODCAX8Q-22H2_1223;poweredOff;False;12;1
W10PRODCAX8Q-GRIv12-22H1-0124;poweredOff;False;12;1
W10PRODOFI-22H2_1023;poweredOff;False;8;1
W10PRODOFI-22H2-0124;poweredOff;False;8;1
W10PRODOFI-22H2-0224;poweredOff;False;8;1
W10PRODOFI-22H2-0923;poweredOff;False;8;1
W10PRODOFI-22H2-1023T;poweredOff;False;8;1
W10PRODOFI-22H2-1123;poweredOff;False;8;1
W10PRODOFI-22H2-1223;poweredOff;False;8;1
W10PRODPRE0FI-21H2-1223;poweredOff;False;8;1
W10PRODPREOFI-21H2-0124;poweredOff;False;8;1
W10PRODPREOFI-21H2-0224;poweredOff;False;8;1
W10PRODPREOFI-21H2-0923;poweredOff;False;8;1
W10PRODPREOFI-21H2-1023;poweredOff;False;8;1
W10PRODPREOFI-21H2-1023T;poweredOff;False;8;1
W10PROPREDCAX-21H2_1023;poweredOff;False;12;1
W10PROPREDCAX-21H2-1223;poweredOff;False;12;1
W10PROPREDCAX-22H2_0923;poweredOff;False;12;1
W11BKPOFI_22H2_0224;poweredOff;False;8;1
W11MASOFI_22H2_0224;poweredOff;False;8;1
W11MASOFI_22H2_0224-V1;poweredOff;False;8;1
0_CLON_27022024_MIDDLEWARE_SEESMTSAPAWP646;poweredOn;False;4;4
MRTFDCA02SGC;poweredOn;False;16;6
MRTFDCB02SGC;poweredOn;False;16;6
SEESMTSAPAWP639;poweredOn;False;4;7
SEESMTSAPAWP640;poweredOn;False;4;3
SEESMTSAPAWP645;poweredOn;False;4;4
SEESMTSAPAWP646;poweredOn;False;4;4
SEESMTSAPAWP647;poweredOn;False;4;4
SEESMTSAPAWP648;poweredOn;False;4;4
SEESMTSAPAWP649;poweredOn;False;4;3
SEESMTSAPAWP650;poweredOn;False;4;3
SEESMTSAPAWP651;poweredOn;False;4;3
SEESMTSAPAWP652;poweredOn;False;4;3
SEESMTSAPAWP655;poweredOn;False;2;3
SEESMTSAPAWP656;poweredOn;False;2;3
SEESMTSDBAWP653;poweredOn;False;2;3
SEESMTSDBAWP654;poweredOn;False;2;3
SEESMTSSAAUZ004;poweredOn;False;4;1
SEESMTSSAAUZ005;poweredOn;False;4;1
SEESMTSSAAUZ006;poweredOn;False;4;1
SEESMTSSGAOP002;poweredOn;False;4;2
SEESMTSSGAOP003;poweredOn;False;4;2
SEESMTSSGAOP194;poweredOn;False;4;3
SEESMTSSGAOP195;poweredOn;False;24;4
SEESMTSSGAOP196;poweredOn;False;4;3
SEESMTSSGAOP197;poweredOn;False;4;3
Template_veeam_proxy_MGM;poweredOff;True;1;1
0_19012024_afectado_seguridad_Ivanti_SEESMTSCOAWP719;poweredOff;False;12;1
0_BAJA_08112023_CR20682837_SEESMTSAPAWC470;poweredOff;False;2;2
0_BAJA_08112023_CR20682837_SEESMTSAPAWC471;poweredOn;False;2;2
0_BAJA_08112023_CR20682837_SEESMTSAPAWP741;poweredOn;False;8;2
0_BAJA_08112023_CR20682837_SEESMTSAPBWP742;poweredOn;False;8;2
0_BAJA_12102022_CR20443440_dmsbackbone;poweredOn;False;4;2
0_BAJA_17042023_CR20560772_SEESMTSWEAWC011;poweredOn;False;4;1
0_BAJA_25012023_CR20506045_ESEATMAUV00055;poweredOn;False;2;2
0_BAJA_CR20406051_ESEATMASV00093;poweredOn;False;2;2
0_CLON_07102023_CR20664262_MQQSREPSRV01;poweredOff;False;4;2
0_CLON_07102023_CR20664262_MQQSREPSRV02;poweredOff;False;4;2
0_CLON_09122023_UNIX_CR20704793_SEESMTSDBAUP269;poweredOff;False;8;2
0_CLON_09122023_UNIX_CR20704793_SEESMTSDBAUP270;poweredOff;False;8;2
0_CLON_09122023_UNIX_CR20704793_SEESMTSSAAUP185;poweredOff;False;4;2
0_CLON_09122023_UNIX_CR20704793_SEESMTSSABUP186;poweredOff;False;4;2
0_CLON_13022024_UNIX_CR20745866 _SEESMTSSAAUP014;poweredOff;False;32;1
0_CLON_25112023_UNIX_CR20700513_SEESMTSAPAUP276;poweredOff;False;4;2
0_CLON_CR20695947_WINTEL_SQL2k19_27_11_SEESMTSSABWC453;poweredOff;False;6;2
0_CLON_SEESMTSAPAUP276;poweredOff;False;4;2
0_CLON_SEESMTSAPAUP277;poweredOff;False;4;2
0_CLON_SEESMTSAPAUP312;poweredOff;False;4;2
0_clon_seesmtsdbawc075;poweredOff;False;2;2
0_CLON_SEESMTSSAAWP695;poweredOff;False;8;2
0_CLON_SEESMTSSABWP696;poweredOff;False;8;2
0_CLON_SEESMTSWEAWP698;poweredOff;False;6;2
0_CLON_WINTEL_23_09_ESEATMASV01196_CR20594739;poweredOn;False;4;2
0_CLON_WINTEL_24_11_SEESMTSSABWC453_CR20695947;poweredOff;False;6;2
0_DELETE_CR20695947_SEESMTSSABWC453;poweredOff;False;6;2
0_ESEATMASV00135_RESTORED;poweredOff;False;8;4
0_ESEATMASVC00024_old;poweredOn;False;2;2
0_NO _ARRANCAR_SEESMTSSABUP186_RH8;poweredOff;False;4;2
0_NO_ARRANCAR_SEESMTSSAAUP185_RH8;poweredOff;False;4;2
0_PRUEBA_06092022_BACKUP_RESTOREW2016;poweredOn;False;2;1
0_PRUEBA_RH8TCLUS01;poweredOn;False;2;1
0_PRUEBA_RH8TCLUS02;poweredOn;False;2;1
0_PRUEBA_SEESMTSWVAUT026_CLON_FSX;poweredOn;False;2;2
0_SEESMTSWVAUP187_old;poweredOff;False;2;4
0_SEESMTSWVAUP188_old;poweredOff;False;2;4
0_TEMPLATE_RH79;poweredOn;False;2;1
0_TEMPLATE_RH89_SEESMTSWVAUT026;poweredOn;False;2;2
0_Template_veeam_proxy_MGM;poweredOff;True;1;1
0_TEMPLATE_W2022_DATACENTER_v1_clon;poweredOff;True;4;1
AA_TEMPLATE_RH79_20240118;poweredOff;False;2;1
AA_TEMPLATE_RH79_maquetaV1;poweredOff;False;2;1
AA_TEMPLATE_RH88_20240118;poweredOff;False;2;2
AA_TEMPLATE_RH89_maquetaV1;poweredOff;True;2;2
atbaensrv01;poweredOn;False;4;2
ATBCRMSRV01;poweredOn;False;2;2
ATBKABSRV01;poweredOn;False;2;2
atblinsrv01;poweredOn;False;6;2
ATBPPMSRV02;poweredOn;False;2;2
biliku;poweredOn;False;2;2
EGBXBASF11001;poweredOn;False;8;2
ESEATMASV00052;poweredOn;False;8;2
eseatmasv00067;poweredOn;False;2;2
eseatmasv00068;poweredOn;False;2;2
ESEATMASV00072;poweredOn;False;2;2
ESEATMASV00073;poweredOn;False;4;2
ESEATMASV00075;poweredOn;False;2;2
ESEATMASV00076;poweredOn;False;4;2
ESEATMASV00080;poweredOn;False;4;2
ESEATMASV00081;poweredOn;False;4;2
ESEATMASV00082;poweredOn;False;4;2
ESEATMASV00083;poweredOn;False;4;2
ESEATMASV00084;poweredOn;False;6;2
ESEATMASV00085;poweredOn;False;6;2
ESEATMASV00086;poweredOn;False;8;2
ESEATMASV00087;poweredOn;False;8;2
eseatmasv00090;poweredOn;False;2;2
eseatmasv00092;poweredOn;False;2;2
ESEATMASV00093;poweredOn;False;2;2
ESEATMASV00094;poweredOn;False;2;2
ESEATMASV00095;poweredOn;False;4;2
eseatmasv00096;poweredOn;False;6;2
eseatmasv00097;poweredOn;False;6;2
ESEATMASV00110;poweredOn;False;2;2
ESEATMASV00112;poweredOn;False;2;2
ESEATMASV00121;poweredOn;False;4;2
ESEATMASV00125;poweredOn;False;2;2
ESEATMASV00129;poweredOn;False;4;2
ESEATMASV00131;poweredOn;False;1;2
ESEATMASV00134;poweredOn;False;2;2
ESEATMASV00135;poweredOn;False;8;3
ESEATMASV00142;poweredOn;False;4;2
ESEATMASV00150;poweredOn;False;8;2
ESEATMASV00151;poweredOn;False;8;2
ESEATMASV00152;poweredOn;False;4;2
ESEATMASV00153;poweredOn;False;4;2
ESEATMASV00186;poweredOn;False;16;2
eseatmasv00187;poweredOn;False;2;1
eseatmasv00189;poweredOn;False;2;2
eseatmasv00194;poweredOn;False;4;2
eseatmasv00196;poweredOn;False;4;2
eseatmasv00217;poweredOn;False;4;2
eseatmasv00218;poweredOn;False;4;2
eseatmasv00225;poweredOn;False;1;2
ESEATMASV00226;poweredOn;False;1;2
ESEATMASV00228;poweredOn;False;2;2
ESEATMASV00272;poweredOn;False;4;2
ESEATMASV00282;poweredOn;False;4;2
ESEATMASV00283;poweredOn;False;2;2
ESEATMASV00284;poweredOn;False;1;2
eseatmasv00286;poweredOn;False;12;2
ESEATMASV00312;poweredOn;False;12;2
ESEATMASV00314;poweredOn;False;2;2
ESEATMASV00343;poweredOn;False;12;2
eseatmasv00387;poweredOn;False;1;2
ESEATMASV00403;poweredOn;False;4;2
ESEATMASV00404;poweredOn;False;4;2
ESEATMASV00406;poweredOn;False;4;2
ESEATMASV00408;poweredOn;False;6;2
Eseatmasv00419;poweredOn;False;4;2
Eseatmasv00420;poweredOn;False;4;2
ESEATMASV00421;poweredOn;False;2;2
Eseatmasv00422;poweredOn;False;2;2
Eseatmasv00423;poweredOn;False;4;2
Eseatmasv00424;poweredOn;False;4;2
ESEATMASV00430;poweredOn;False;4;2
ESEATMASV00431;poweredOn;False;4;2
ESEATMASV00432;poweredOn;False;2;2
ESEATMASV00441;poweredOn;False;6;2
ESEATMASV00442;poweredOn;False;6;2
ESEATMASV00443;poweredOn;False;6;2
ESEATMASV00444;poweredOn;False;6;2
ESEATMASV00445;poweredOn;False;6;2
ESEATMASV00446;poweredOn;False;6;2
ESEATMASV00447;poweredOn;False;6;2
ESEATMASV00448;poweredOn;False;6;2
ESEATMASV00450;poweredOn;False;8;2
ESEATMASV00451;poweredOn;False;6;2
ESEATMASV00452;poweredOn;False;4;2
ESEATMASV00453;poweredOn;False;4;2
ESEATMASV00489;poweredOn;False;8;2
ESEATMASV00490;poweredOn;False;8;2
ESEATMASV00491;poweredOn;False;8;2
ESEATMASV00492;poweredOn;False;8;2
ESEATMASV00493;poweredOn;False;8;2
ESEATMASV00494;poweredOn;False;8;2
ESEATMASV00495;poweredOn;False;8;2
ESEATMASV00496;poweredOn;False;8;2
ESEATMASV00502;poweredOn;False;4;2
ESEATMASV00503;poweredOn;False;4;2
ESEATMASV00525;poweredOn;False;2;2
ESEATMASV00538;poweredOn;False;4;2
ESEATMASV00539;poweredOn;False;4;2
ESEATMASV00541;poweredOn;False;4;2
ESEATMASV00542;poweredOn;False;4;2
ESEATMASV00543;poweredOn;False;4;2
ESEATMASV00547;poweredOn;False;8;2
ESEATMASV00548;poweredOn;False;8;2
ESEATMASV00549;poweredOn;False;8;2
ESEATMASV00550;poweredOn;False;8;2
ESEATMASV00551;poweredOn;False;8;2
ESEATMASV00552;poweredOn;False;8;2
ESEATMASV00563;poweredOn;False;6;2
ESEATMASV00564;poweredOn;False;6;2
ESEATMASV00574;poweredOff;False;4;5
ESEATMASV00577;poweredOn;False;4;2
ESEATMASV00578;poweredOn;False;4;2
ESEATMASV00579;poweredOn;False;4;2
ESEATMASV00583;poweredOff;False;4;5
ESEATMASV00586;poweredOn;False;4;2
ESEATMASV01112;poweredOn;False;4;2
ESEATMASV01122;poweredOn;False;4;2
ESEATMASV01124;poweredOn;False;4;2
ESEATMASV01130;poweredOn;False;4;2
eseatmasv01131;poweredOn;False;2;2
ESEATMASV01135;poweredOn;False;8;4
ESEATMASV01143;poweredOn;False;2;2
ESEATMASV01144;poweredOn;False;1;2
ESEATMASV01171;poweredOn;False;4;2
ESEATMASV01176;poweredOn;False;4;2
ESEATMASV01180;poweredOn;False;4;3
eseatmasv01191;poweredOn;False;2;3
eseatmasv01196;poweredOn;False;4;2
ESEATMASV01292;poweredOn;False;4;2
ESEATMASV01295;poweredOn;False;4;2
ESEATMASV01298;poweredOn;False;4;2
ESEATMASV01300;poweredOn;False;2;2
ESEATMASV01310;poweredOn;False;2;2
ESEATMASV01400;poweredOn;False;4;3
ESEATMASV01401;poweredOn;False;4;3
eseatmasv10001;poweredOn;False;2;2
eseatmasv10002;poweredOn;False;2;2
eseatmasv10003;poweredOn;False;2;2
eseatmasv10006;poweredOn;False;2;2
eseatmasv10008;poweredOn;False;2;2
eseatmasv10011;poweredOn;False;2;2
eseatmasv10014;poweredOn;False;2;2
eseatmasv10016;poweredOn;False;4;2
ESEATMASV10017;poweredOn;False;4;2
ESEATMASV10022;poweredOn;False;2;2
eseatmasv10023;poweredOn;False;2;2
ESEATMASV10026;poweredOn;False;4;2
eseatmasv10027;poweredOn;False;4;2
eseatmasv10028;poweredOn;False;4;2
ESEATMASVC00002;poweredOn;False;2;2
ESEATMASVC00003;poweredOn;False;2;2
ESEATMASVC00004;poweredOn;False;2;2
ESEATMASVC00005;poweredOn;False;2;2
ESEATMASVC00006;poweredOn;False;2;2
ESEATMASVC00007;poweredOn;False;1;2
ESEATMASVC00011;poweredOn;False;2;2
ESEATMASVC00012;poweredOn;False;4;2
ESEATMASVC00013;poweredOn;False;4;2
ESEATMASVC00014;poweredOn;False;4;2
ESEATMASVC00015;poweredOn;False;4;2
ESEATMASVC00016;poweredOn;False;4;2
ESEATMASVC00020;poweredOn;False;4;2
ESEATMASVC00021;poweredOn;False;2;2
ESEATMASVC00022;poweredOn;False;2;2
ESEATMASVC00023;poweredOn;False;2;2
ESEATMASVC00024;poweredOn;False;2;2
ESEATMASVC00028;poweredOn;False;4;2
ESEATMASVC00029;poweredOn;False;4;2
ESEATMASVC00030;poweredOn;False;4;2
ESEATMASVC00042;poweredOn;False;4;2
ESEATMASVC00043;poweredOn;False;2;3
ESEATMASVC00044;poweredOn;False;2;3
ESEATMASVC00045;poweredOn;False;2;2
ESEATMASVC00047;poweredOn;False;2;2
ESEATMASW00002;poweredOn;False;2;2
ESEATMASW00004;poweredOn;False;2;2
ESEATMAUV00016;poweredOn;False;4;2
ESEATMAUV00017;poweredOn;False;2;2
ESEATMAUV00032;poweredOn;False;4;3
ESEATMAUV00033;poweredOn;False;4;3
ESEATMAUV00064;poweredOn;False;2;4
ESEATMAUV00065;poweredOn;False;2;3
ESEATMAUV00066;poweredOn;False;2;3
ESEATMAUV00067;poweredOn;False;2;3
ESEATMAUV00069;poweredOn;False;2;3
ESEATMAUV00070;poweredOn;False;2;3
ESEATMAUV00072;poweredOn;False;8;3
ESEATMAUV00073;poweredOff;False;8;3
ESEATMAUV00080;poweredOn;False;4;3
ESEATMAUV00090;poweredOn;False;4;3
ESEATMAUV00103;poweredOn;False;2;4
ESEATMAUV00139;poweredOn;False;2;3
ESEATMAUV00141;poweredOn;False;2;2
ESEATMAUV00149;poweredOn;False;4;2
ESEATMAUV00150;poweredOn;False;4;2
ESEATMAUV00153;poweredOn;False;12;2
ESEATMAUV00154;poweredOn;False;12;2
ESEATMAUV00204;poweredOn;False;2;4
ESEATMAUV00205;poweredOn;False;2;4
ESEATMAUVC00025;poweredOn;False;2;2
ESEATMAUVC00027;poweredOn;False;2;1
ESEATMAUVC00028;poweredOn;False;2;2
ESEATMAUVC00030;poweredOn;False;2;2
ESEATMAUVC00031;poweredOn;False;2;2
ESEATMAUVC00032;poweredOn;False;2;2
ESEATMAUVC00043;poweredOn;False;2;3
ESEATMAUVC00044;poweredOn;False;2;3
ESEATMAUVC00048;poweredOn;False;2;2
ESEATMAUVC00049;poweredOn;False;4;2
ESEATMAUVC00063;poweredOn;False;2;2
ESEATMAUVC00064;poweredOn;False;4;2
ESEATMAUVC00065;poweredOn;False;4;2
ESEATMAUVC00078;poweredOn;False;2;2
ESEATMAUVC00079;poweredOn;False;2;2
ESEATMAUVC00080;poweredOn;False;6;2
ESEATMAUVC00100;poweredOn;False;4;3
ESEATMAUVC00101;poweredOn;False;2;4
ESEATMAUVC00102;poweredOn;False;2;4
ESEATMAUVC00103;poweredOn;False;4;4
ESEATMAUVW00003;poweredOn;False;2;2
ESEATMAUVW00004;poweredOn;False;4;1
ESEATMAUVW00005;poweredOn;False;4;2
ESEATMAUVW00006;poweredOn;False;2;2
ESEATMAUVW00007;poweredOn;False;4;2
ESEATMAUVW00009;poweredOn;False;2;2
ESEATMAUVW00010;poweredOn;False;2;2
ESGDASMAS74550;poweredOn;False;4;2
ESSEATMAD00011;poweredOn;False;2;2
esseatmas500456;poweredOn;False;4;2
esseatmas500517;poweredOn;False;2;2
ESSEATMAS500562;poweredOn;False;2;2
ESSEATMAS500579;poweredOn;False;2;2
esseatmas507047;poweredOn;False;4;2
ESSEATMAS507060;poweredOn;False;2;2
esseatmas507072;poweredOn;False;2;2
esseatmas507073;poweredOn;False;8;2
esseatmas507081;poweredOn;False;2;2
esseatmas507082;poweredOn;False;2;2
llevant;poweredOn;False;4;2
MBCKSERVERW2K12;poweredOn;False;2;2
mdm2-vsp;poweredOn;False;4;1
mdm-vsp;poweredOn;False;4;1
mdm-vsp2-cns;poweredOn;False;2;1
mdm-vsp-cns;poweredOn;False;2;1
messrv05;poweredOn;False;2;2
messrv06;poweredOn;False;4;2
MGBXVENSRV01;poweredOn;False;4;2
MGBXVENSRV02;poweredOn;False;4;2
miisrv03;poweredOn;False;4;3
miisrv04;poweredOn;False;2;3
mksorsrv01;poweredOn;False;8;2
mksorsrv02;poweredOn;False;8;2
mp2lfdevsrv01;poweredOn;False;4;1
mp2lfsrv01;poweredOn;False;8;2
mp2lfsrv02;poweredOn;False;8;2
mp2lfsrv05;poweredOn;False;8;2
mp2lfsrv06;poweredOn;False;8;2
MPYMSRV01;poweredOn;False;4;2
mqqsrepsrv01;poweredOn;False;4;2
MQQSREPSRV02;poweredOn;False;4;2
MQQSRV05;poweredOn;False;4;2
MQQSRV06;poweredOn;False;4;2
MR01-CONS;poweredOn;False;1;2
mrfidevsrv01;poweredOn;False;2;2
MRTSEATHOLEPOC001;poweredOn;False;2;1
msgacrodevsrv01;poweredOn;False;2;2
msgacrodevsrv02;poweredOn;False;2;2
msgacrosrv01;poweredOn;False;4;3
msgacrosrv02;poweredOn;False;4;3
msgasrv01;poweredOn;False;4;2
msgasrv02;poweredOn;False;4;2
msigrfdevsrv01;poweredOn;False;2;2
msigrfsrv01;poweredOn;False;2;3
msigrfsrv02;poweredOn;False;2;3
msotimdmsrv01;poweredOn;False;2;2
mtspsrv01;poweredOn;False;6;2
mtspsrv02;poweredOn;False;6;2
mtsyssrv10;poweredOn;False;4;2
mvccaxsrv01;poweredOn;False;4;5
mvccaxsrv02;poweredOn;False;4;5
SEESMTSAPAOP215;poweredOn;False;2;1
SEESMTSAPAUC107;poweredOn;False;2;2
SEESMTSAPAUC113;poweredOn;False;1;2
SEESMTSAPAUC114;poweredOn;False;2;2
SEESMTSAPAUC115;poweredOn;False;2;2
SEESMTSAPAUC121;poweredOn;False;4;2
SEESMTSAPAUC129;poweredOn;False;1;2
SEESMTSAPAUC146;poweredOn;False;2;2
SEESMTSAPAUC148;poweredOn;False;2;2
SEESMTSAPAUC152;poweredOn;False;2;3
SEESMTSAPAUC156;poweredOn;False;2;2
SEESMTSAPAUC157;poweredOn;False;2;2
SEESMTSAPAUC158;poweredOn;False;2;2
SEESMTSAPAUC159;poweredOn;False;2;2
SEESMTSAPAUC160;poweredOn;False;2;2
SEESMTSAPAUP252;poweredOn;False;2;2
SEESMTSAPAUP255;poweredOn;False;4;2
SEESMTSAPAUP256;poweredOn;False;4;2
SEESMTSAPAUP272;poweredOn;False;4;2
SEESMTSAPAUP273;poweredOn;False;4;2
SEESMTSAPAUP276;poweredOn;False;4;2
SEESMTSAPAUP277;poweredOn;False;4;2
SEESMTSAPAUP312;poweredOn;False;4;2
SEESMTSAPAUP327;poweredOn;False;2;2
SEESMTSAPAUP337;poweredOn;False;2;3
SEESMTSAPAUP338;poweredOn;False;2;3
SEESMTSAPAUT025;poweredOn;False;4;2
SEESMTSAPAWC421;poweredOn;False;4;2
SEESMTSAPAWC422;poweredOn;False;4;2
SEESMTSAPAWC425;poweredOn;False;2;2
SEESMTSAPAWC426;poweredOn;False;2;2
SEESMTSAPAWC427;poweredOn;False;2;2
SEESMTSAPAWC429;poweredOn;False;4;2
SEESMTSAPAWC430;poweredOn;False;2;2
SEESMTSAPAWC459;poweredOn;False;8;2
SEESMTSAPAWC460;poweredOn;False;2;2
SEESMTSAPAWC462;poweredOn;False;4;2
SEESMTSAPAWC467;poweredOn;False;2;2
SEESMTSAPAWC469;poweredOn;False;2;2
SEESMTSAPAWC474;poweredOn;False;2;2
SEESMTSAPAWC475;poweredOn;False;2;2
SEESMTSAPAWC476;poweredOn;False;2;2
SEESMTSAPAWC477;poweredOn;False;2;2
SEESMTSAPAWC479;poweredOn;False;2;2
SEESMTSAPAWC480;poweredOn;False;2;2
SEESMTSAPAWC481;poweredOn;False;4;2
SEESMTSAPAWC482;poweredOn;False;2;2
SEESMTSAPAWC483;poweredOn;False;2;2
SEESMTSAPAWC484;poweredOn;False;2;2
SEESMTSAPAWC487;poweredOn;False;2;2
SEESMTSAPAWC489;poweredOn;False;2;2
SEESMTSAPAWC490;poweredOn;False;2;2
SEESMTSAPAWC491;poweredOn;False;2;2
SEESMTSAPAWC494;poweredOn;False;2;2
SEESMTSAPAWC497;poweredOn;False;2;2
SEESMTSAPAWC505;poweredOn;False;2;2
SEESMTSAPAWC506;poweredOn;False;2;2
SEESMTSAPAWC507;poweredOn;False;2;2
SEESMTSAPAWC514;poweredOn;False;2;2
SEESMTSAPAWC515;poweredOn;False;2;2
SEESMTSAPAWP422;poweredOn;False;8;2
SEESMTSAPAWP461;poweredOn;False;4;2
SEESMTSAPAWP462;poweredOn;False;4;2
SEESMTSAPAWP476;poweredOn;False;2;2
SEESMTSAPAWP630;poweredOn;False;2;2
SEESMTSAPAWP737;poweredOn;False;8;2
SEESMTSAPAWP803;poweredOn;False;2;2
SEESMTSAPAWP804;poweredOn;False;2;2
SEESMTSAPAWP808;poweredOn;False;4;2
SEESMTSAPAWP809;poweredOn;False;4;2
SEESMTSAPAWP813;poweredOn;False;2;1
SEESMTSAPAWP818;poweredOn;False;2;2
SEESMTSAPAWT009;poweredOn;False;8;2
SEESMTSAPAWZ055;poweredOn;False;4;1
SEESMTSCOAWC067;poweredOn;False;4;2
SEESMTSCOAWP009;poweredOn;False;4;2
SEESMTSCOAWP011;poweredOn;False;2;2
SEESMTSCOAWP412;poweredOn;False;4;2
SEESMTSCOAWP413;poweredOn;False;4;2
SEESMTSDBAUC001;poweredOn;False;2;2
SEESMTSDBAUC002;poweredOn;False;2;2
SEESMTSDBAUC003;poweredOn;False;2;2
SEESMTSDBAUC111;poweredOn;False;2;2
SEESMTSDBAUC149;poweredOn;False;2;2
SEESMTSDBAUC152;poweredOn;False;2;2
SEESMTSDBAUC155;poweredOn;False;2;2
SEESMTSDBAUC156;poweredOn;False;2;2
SEESMTSDBAUC186;poweredOn;False;2;1
SEESMTSDBAUP203;poweredOn;False;6;4
SEESMTSDBAUP269;poweredOn;False;8;2
SEESMTSDBAUP270;poweredOn;False;8;2
SEESMTSDBAUP332;poweredOn;False;4;3
SEESMTSDBAUP340;poweredOn;False;8;2
SEESMTSDBAUT020;poweredOn;False;2;2
SEESMTSDBAUT027;poweredOn;False;2;1
SEESMTSDBAWC001;poweredOn;False;2;2
SEESMTSDBAWC002;poweredOn;False;4;3
SEESMTSDBAWC004;poweredOn;False;2;2
SEESMTSDBAWC005;poweredOn;False;2;2
SEESMTSDBAWC011;poweredOn;False;4;2
SEESMTSDBAWC013;poweredOn;False;4;1
SEESMTSDBAWC014;poweredOn;False;4;1
SEESMTSDBAWC053;poweredOn;False;2;2
SEESMTSDBAWC075;poweredOn;False;2;2
SEESMTSDBAWC423;poweredOn;False;2;2
SEESMTSDBAWC464;poweredOn;False;2;2
SEESMTSDBAWC468;poweredOn;False;2;2
SEESMTSDBAWC474;poweredOn;False;2;2
SEESMTSDBAWC486;poweredOn;False;2;2
SEESMTSDBAWC488;poweredOn;False;2;2
SEESMTSDBAWC492;poweredOn;False;2;2
SEESMTSDBAWC495;poweredOn;False;2;2
SEESMTSDBAWC496;poweredOn;False;2;2
SEESMTSDBAWC502;poweredOn;False;2;2
SEESMTSDBAWC506;poweredOn;False;4;2
SEESMTSDBAWC509;poweredOn;False;2;2
SEESMTSDBAWC513;poweredOn;False;4;2
SEESMTSDBAWC517;poweredOn;False;6;3
SEESMTSDBAWC523;poweredOn;False;2;2
SEESMTSDBAWC527;poweredOn;False;2;2
SEESMTSDBAWP001;poweredOn;False;4;2
SEESMTSDBAWP002;poweredOn;False;4;2
SEESMTSDBAWP003;poweredOn;False;4;3
SEESMTSDBAWP004;poweredOn;False;4;2
SEESMTSDBAWP005;poweredOn;False;4;2
SEESMTSDBAWP006;poweredOn;False;8;2
SEESMTSDBAWP007;poweredOn;False;8;2
SEESMTSDBAWP009;poweredOn;False;4;2
SEESMTSDBAWP012;poweredOn;False;12;3
SEESMTSDBAWP014;poweredOn;False;8;2
SEESMTSDBAWP017;poweredOn;False;4;2
SEESMTSDBAWP018;poweredOn;False;8;1
SEESMTSDBAWP019;poweredOn;False;8;1
SEESMTSDBAWP341;poweredOn;False;4;2
SEESMTSDBAWP342;poweredOn;False;4;2
SEESMTSDBAWP343;poweredOn;False;4;2
SEESMTSDBAWP417;poweredOn;False;2;2
SEESMTSDBAWP418;poweredOn;False;2;2
SEESMTSDBAWP437;poweredOn;False;8;2
SEESMTSDBAWP439;poweredOn;False;8;2
SEESMTSDBAWP440;poweredOn;False;8;2
SEESMTSDBAWP633;poweredOn;False;4;2
SEESMTSDBAWP676;poweredOn;False;6;2
SEESMTSDBAWP677;poweredOn;False;6;2
SEESMTSDBAWP723;poweredOn;False;4;2
SEESMTSDBAWP724;poweredOn;False;4;2
SEESMTSDBAWP730;poweredOn;False;4;2
SEESMTSDBAWP747;poweredOn;False;8;2
SEESMTSDBAWP774;poweredOn;False;4;2
SEESMTSDBAWP778;poweredOn;False;2;2
SEESMTSDBAWP783;poweredOn;False;2;2
SEESMTSDBAWP806;poweredOn;False;4;2
SEESMTSDBAWP807;poweredOn;False;4;2
SEESMTSDBAWP822;poweredOn;False;4;2
SEESMTSDBAWP825;poweredOn;False;4;2
SEESMTSDBAWP838;poweredOn;False;4;2
SEESMTSDBAWP839;poweredOn;False;4;2
SEESMTSDBAWP844;poweredOn;False;8;2
SEESMTSDBAWP845;poweredOn;False;8;2
SEESMTSDBAWP849;poweredOn;False;12;3
SEESMTSDBAWP850;poweredOn;False;12;3
SEESMTSDBAWP858;poweredOn;False;4;2
SEESMTSDBAWP865;poweredOn;False;4;2
SEESMTSDBAWP866;poweredOn;False;4;2
SEESMTSDBAWT021;poweredOn;False;2;1
SEESMTSDBAWT022;poweredOn;False;2;1
SEESMTSDBAWT023;poweredOn;False;2;1
SEESMTSDBAWT024;poweredOn;False;2;1
SEESMTSDBBWC473;poweredOn;False;2;2
SEESMTSDBBWP746;poweredOn;False;8;2
SEESMTSDCAWP007;poweredOn;False;2;2
SEESMTSDCAWP008;poweredOn;False;2;2
SEESMTSESAOC001;poweredOn;False;4;1
SEESMTSEXAWC504;poweredOn;False;2;3
SEESMTSEXAWP453;poweredOn;False;2;2
SEESMTSEXAWP454;poweredOn;False;2;2
SEESMTSEXAWP457;poweredOn;False;4;2
SEESMTSFTAWC002;poweredOn;False;2;2
SEESMTSSAAOP001;poweredOn;False;2;1
SEESMTSSAAOP002;poweredOn;False;2;1
SEESMTSSAAUC007;poweredOn;False;4;2
SEESMTSSAAUC008;poweredOn;False;4;2
SEESMTSSAAUC009;poweredOn;False;2;2
SEESMTSSAAUC010;poweredOn;False;4;2
SEESMTSSAAUC013;poweredOn;False;8;1
SEESMTSSAAUC083;poweredOn;False;4;2
SEESMTSSAAUC092;poweredOn;False;8;2
SEESMTSSAAUC093;poweredOn;False;2;2
SEESMTSSAAUC095;poweredOn;False;8;2
SEESMTSSAAUC096;poweredOn;False;4;2
SEESMTSSAAUC097;poweredOn;False;2;2
SEESMTSSAAUC098;poweredOn;False;8;2
SEESMTSSAAUC099;poweredOn;False;8;2
SEESMTSSAAUC100;poweredOn;False;4;2
SEESMTSSAAUC101;poweredOn;False;4;2
SEESMTSSAAUC122;poweredOn;False;8;2
SEESMTSSAAUC123;poweredOn;False;4;2
SEESMTSSAAUC130;poweredOn;False;2;2
SEESMTSSAAUC137;poweredOn;False;2;2
SEESMTSSAAUC143;poweredOn;False;2;2
SEESMTSSAAUC144;poweredOn;False;2;2
SEESMTSSAAUC153;poweredOn;False;2;2
SEESMTSSAAUC154;poweredOn;False;2;2
SEESMTSSAAUC162;poweredOn;False;2;2
SEESMTSSAAUC176;poweredOn;False;4;2
SEESMTSSAAUC177;poweredOn;False;4;2
SEESMTSSAAUC178;poweredOn;False;4;2
SEESMTSSAAUC179;poweredOn;False;4;2
SEESMTSSAAUC180;poweredOn;False;4;2
SEESMTSSAAUC181;poweredOn;False;2;2
SEESMTSSAAUC183;poweredOn;False;2;2
SEESMTSSAAUP001;poweredOn;False;8;1
SEESMTSSAAUP002;poweredOn;False;8;1
SEESMTSSAAUP003;poweredOn;False;8;1
SEESMTSSAAUP004;poweredOn;False;4;1
SEESMTSSAAUP005;poweredOn;False;4;1
SEESMTSSAAUP006;poweredOn;False;4;1
SEESMTSSAAUP007;poweredOn;False;24;1
SEESMTSSAAUP008;poweredOn;False;24;1
SEESMTSSAAUP009;poweredOn;False;24;1
SEESMTSSAAUP010;poweredOn;False;12;1
SEESMTSSAAUP011;poweredOn;False;12;1
SEESMTSSAAUP012;poweredOn;False;24;1
SEESMTSSAAUP013;poweredOn;False;24;1
SEESMTSSAAUP014;poweredOn;False;32;1
SEESMTSSAAUP017;poweredOn;False;24;1
SEESMTSSAAUP018;poweredOn;False;24;1
SEESMTSSAAUP032;poweredOn;False;4;2
SEESMTSSAAUP033;poweredOn;False;4;2
SEESMTSSAAUP034;poweredOn;False;4;2
SEESMTSSAAUP035;poweredOn;False;4;2
SEESMTSSAAUP036;poweredOn;False;2;1
SEESMTSSAAUP037;poweredOn;False;2;1
SEESMTSSAAUP038;poweredOn;False;2;1
SEESMTSSAAUP048;poweredOn;False;2;1
SEESMTSSAAUP055;poweredOn;False;24;1
SEESMTSSAAUP069;poweredOn;False;12;1
SEESMTSSAAUP070;poweredOn;False;24;1
SEESMTSSAAUP071;poweredOn;False;18;1
SEESMTSSAAUP072;poweredOn;False;18;1
SEESMTSSAAUP073;poweredOn;False;18;1
SEESMTSSAAUP075;poweredOn;False;8;1
SEESMTSSAAUP076;poweredOn;False;8;1
SEESMTSSAAUP077;poweredOn;False;8;1
SEESMTSSAAUP078;poweredOn;False;16;2
SEESMTSSAAUP079;poweredOn;False;16;2
SEESMTSSAAUP080;poweredOn;False;16;2
SEESMTSSAAUP081;poweredOn;False;16;2
SEESMTSSAAUP082;poweredOn;False;16;2
SEESMTSSAAUP083;poweredOn;False;16;2
SEESMTSSAAUP084;poweredOn;False;16;2
SEESMTSSAAUP085;poweredOn;False;16;2
SEESMTSSAAUP096;poweredOn;False;2;1
SEESMTSSAAUP097;poweredOn;False;2;1
SEESMTSSAAUP098;poweredOn;False;2;1
SEESMTSSAAUP185;poweredOn;False;4;2
SEESMTSSAAUP205;poweredOn;False;8;2
SEESMTSSAAUP206;poweredOn;False;2;2
SEESMTSSAAUP213;poweredOn;False;12;2
SEESMTSSAAUP214;poweredOn;False;48;2
SEESMTSSAAUP216;poweredOn;False;18;2
SEESMTSSAAUP218;poweredOn;False;12;2
SEESMTSSAAUP219;poweredOn;False;8;1
SEESMTSSAAUP220;poweredOn;False;18;2
SEESMTSSAAUP221;poweredOn;False;4;2
SEESMTSSAAUP222;poweredOn;False;24;2
SEESMTSSAAUP223;poweredOn;False;48;2
SEESMTSSAAUP224;poweredOn;False;24;2
SEESMTSSAAUP225;poweredOn;False;12;2
SEESMTSSAAUP226;poweredOn;False;48;2
SEESMTSSAAUP227;poweredOn;False;24;2
SEESMTSSAAUP228;poweredOn;False;48;2
SEESMTSSAAUP230;poweredOn;False;48;3
SEESMTSSAAUP231;poweredOn;False;12;2
SEESMTSSAAUP232;poweredOn;False;24;2
SEESMTSSAAUP233;poweredOn;False;12;2
SEESMTSSAAUP234;poweredOn;False;48;2
SEESMTSSAAUP235;poweredOn;False;6;2
SEESMTSSAAUP236;poweredOn;False;32;2
SEESMTSSAAUP237;poweredOn;False;8;2
SEESMTSSAAUP238;poweredOn;False;18;2
SEESMTSSAAUP239;poweredOn;False;8;2
SEESMTSSAAUP240;poweredOn;False;4;2
SEESMTSSAAUP245;poweredOn;False;48;2
SEESMTSSAAUP360;poweredOn;False;4;2
SEESMTSSAAUP361;poweredOn;False;1;2
SEESMTSSAAUP377;poweredOn;False;4;2
SEESMTSSAAUP380;poweredOn;False;4;2
SEESMTSSAAUT002;poweredOn;False;2;2
SEESMTSSAAUT004;poweredOn;False;2;2
SEESMTSSAAUT018;poweredOn;False;4;2
SEESMTSSAAUT019;poweredOn;False;4;2
SEESMTSSAAUT021;poweredOn;False;2;2
SEESMTSSAAUT025;poweredOn;False;2;2
SEESMTSSAAUT026;poweredOn;False;2;2
SEESMTSSAAUT033;poweredOn;False;2;2
SEESMTSSAAWC002;poweredOn;False;2;2
SEESMTSSAAWC003;poweredOn;False;4;2
SEESMTSSAAWC004;poweredOn;False;8;2
SEESMTSSAAWC005;poweredOn;False;2;2
SEESMTSSAAWC006;poweredOn;False;2;2
SEESMTSSAAWC007;poweredOn;False;8;2
SEESMTSSAAWC013;poweredOn;False;2;2
SEESMTSSAAWC018;poweredOn;False;4;2
SEESMTSSAAWC020;poweredOn;False;2;2
SEESMTSSAAWC054;poweredOn;False;2;2
SEESMTSSAAWC055;poweredOn;False;2;2
SEESMTSSAAWC062;poweredOn;False;2;2
SEESMTSSAAWC066;poweredOn;False;2;2
SEESMTSSAAWC070;poweredOn;False;6;2
SEESMTSSAAWC073;poweredOn;False;2;2
SEESMTSSAAWC076;poweredOn;False;8;2
SEESMTSSAAWC424;poweredOn;False;2;2
SEESMTSSAAWC438;poweredOn;False;2;2
SEESMTSSAAWC443;poweredOn;False;4;2
SEESMTSSAAWC465;poweredOn;False;4;2
SEESMTSSAAWC485;poweredOn;False;2;2
SEESMTSSAAWC487;poweredOn;False;2;2
SEESMTSSAAWC488;poweredOn;False;2;2
SEESMTSSAAWC489;poweredOn;False;2;2
SEESMTSSAAWC490;poweredOn;False;2;2
SEESMTSSAAWC522;poweredOn;False;4;2
SEESMTSSAAWC525;poweredOn;False;2;2
SEESMTSSAAWC531;poweredOn;False;4;2
SEESMTSSAAWC532;poweredOn;False;2;1
SEESMTSSAAWP003;poweredOn;False;2;2
SEESMTSSAAWP014;poweredOn;False;2;2
SEESMTSSAAWP029;poweredOn;False;4;2
SEESMTSSAAWP030;poweredOn;False;4;2
SEESMTSSAAWP031;poweredOn;False;4;2
SEESMTSSAAWP095;poweredOn;False;4;2
SEESMTSSAAWP096;poweredOn;False;4;2
SEESMTSSAAWP415;poweredOn;False;2;2
SEESMTSSAAWP416;poweredOn;False;2;2
SEESMTSSAAWP678;poweredOn;False;4;2
SEESMTSSAAWP679;poweredOn;False;4;2
SEESMTSSAAWP695;poweredOn;False;8;2
SEESMTSSAAWP777;poweredOn;False;4;2
SEESMTSSAAWP784;poweredOn;False;8;2
SEESMTSSAAWP788;poweredOn;False;8;2
SEESMTSSAAWP789;poweredOn;False;8;2
SEESMTSSAAWP857;poweredOn;False;2;2
SEESMTSSAAWP863;poweredOn;False;4;2
SEESMTSSAAWP864;poweredOn;False;4;2
SEESMTSSAAWT002;poweredOn;False;4;2
SEESMTSSAAWT006;poweredOn;False;2;2
SEESMTSSAAWZ002;poweredOn;False;4;1
SEESMTSSAAWZ006;poweredOn;False;4;1
SEESMTSSAAWZ010;poweredOn;False;4;1
SEESMTSSAAWZ039;poweredOn;False;2;1
SEESMTSSAAWZ040;poweredOn;False;4;1
SEESMTSSAAWZ057;poweredOn;False;8;1
SEESMTSSABUC001;poweredOn;False;4;2
SEESMTSSABUP186;poweredOn;False;4;2
SEESMTSSABWC453;poweredOn;False;6;2
SEESMTSSABWP696;poweredOn;False;8;2
SEESMTSSGAOP005;poweredOn;False;4;2
SEESMTSSGAOP006;poweredOn;False;4;2
SEESMTSSGAOP007;poweredOn;False;4;2
SEESMTSSGAOP008;poweredOn;False;4;2
SEESMTSSGAOP009;poweredOn;False;4;2
SEESMTSSGAOP010;poweredOn;False;4;2
SEESMTSSGAOP011;poweredOn;False;4;2
SEESMTSSGAOP061;poweredOn;False;4;2
SEESMTSSGAUP018;poweredOn;False;12;6
SEESMTSSGAUP204;poweredOn;False;4;1
SEESMTSSGAWC001;poweredOn;False;2;2
SEESMTSSGAWC002;poweredOn;False;2;2
SEESMTSSGAWC003;poweredOn;False;2;2
SEESMTSSGAWC004;poweredOn;False;2;2
SEESMTSSGAWC005;poweredOn;False;2;2
SEESMTSSGAWC006;poweredOn;False;2;2
SEESMTSSGAWC007;poweredOn;False;2;2
SEESMTSSGAWP668;poweredOn;False;2;2
SEESMTSWEAUC086;poweredOn;False;2;2
SEESMTSWEAUC135;poweredOn;False;2;2
SEESMTSWEAUC142;poweredOn;False;2;2
SEESMTSWEAUC149;poweredOn;False;2;2
SEESMTSWEAUP328;poweredOn;False;2;2
SEESMTSWEAUP329;poweredOn;False;2;2
SEESMTSWEAUT024;poweredOn;False;2;2
SEESMTSWEAWC001;poweredOn;False;2;2
SEESMTSWEAWC007;poweredOn;False;2;2
SEESMTSWEAWC008;poweredOn;False;2;2
SEESMTSWEAWC071;poweredOn;False;2;2
SEESMTSWEAWC420;poweredOn;False;2;2
SEESMTSWEAWC440;poweredOn;False;4;2
SEESMTSWEAWC455;poweredOn;False;4;2
SEESMTSWEAWC458;poweredOn;False;2;2
SEESMTSWEAWC474;poweredOn;False;2;2
SEESMTSWEAWC475;poweredOn;False;2;2
SEESMTSWEAWC499;poweredOn;False;2;2
SEESMTSWEAWC510;poweredOn;False;2;2
SEESMTSWEAWC511;poweredOn;False;2;2
SEESMTSWEAWP019;poweredOn;False;2;1
SEESMTSWEAWP020;poweredOn;False;2;1
SEESMTSWEAWP689;poweredOn;False;8;2
SEESMTSWEAWP698;poweredOn;False;6;2
SEESMTSWEAWP820;poweredOn;False;2;2
SEESMTSWEBWC456;poweredOn;False;2;2
SEESMTSWFAWC466;poweredOn;False;2;2
SEESMTSWFAWT020;poweredOn;False;2;2
SEESMTSWHAWP530;poweredOn;False;2;1
SEESMTSWTAWC001;poweredOn;False;2;2
SEESMTSWTAWC002;poweredOn;False;2;2
SEESMTSWVAUC084;poweredOn;False;1;3
SEESMTSWVAUP187;poweredOn;False;2;4
SEESMTSWVAUP188;poweredOn;False;2;4
tracias;poweredOn;False;2;2
Virtual_Lab_Security;poweredOn;False;2;2
